Antigen_ID,Antigen_Seq,Antibody_ID,Antibody_Seq,Label
6J15_D,DGIQWNPPTFSPALLVVTEGDNATFTCSFSNTSESFVLNWYRMTDKLAAFPCRFRVTQLPNGRDFHMSVVRARRNDSGTYLCGAISLAPKAQIKESLRAELRVTER,6J15_H,LQQSGPELVRPGVSVKISCKGDYALHWVRQSHVKSLEWIGVISSYNGITNYNQRFKGKATMTVDKSSSTAYLELARLTSEDSAIYYCSREEWDVFYYFDYWGQGTTLTVSSAKTTPPSVYPLAPSMVTLGCLVKGYFPEPVTVTWNSGSLSSGVHTFPAVLQSDLYTLSSSVTVPSSTWPSETVTCNVAHPASSTKVDKKIET,1
6HIG_B,NPPTFSPALLVVTEGDNATFTCSFVLNWYRQTDKLAAFPSRFRVTQLPNGRDFHMSVVRARRNDSGTYLCGAIIKESLRAELRVTER,6HIG_H,EVQLVQSGAEVKKPGESLKISCKGSGYSFTNFYIHWVRQAPGQRLEWMGSIYPNYGDTAYNQKFKDRFVFSLDTSVSTAYLQISSLKAEDTAVYYCARGYSYAMDYWGQGTTVTVSSASTKGPSVFPLAPCSTAALGCLVKDYFPEPVTVSWNSGALTSGVHTFPAVLQSSGLYSLSSVVTVPSSSLKTYTCNVDHKPSNTKVDKRVES,1
6J14_G,NPPTFSPALLVVTEGDNATFTCSFVLNWYRMSPSNQTDKLAAFPDCRFRVTQLPNGRDFHMSVVRARRNDSGTYLCGAISLAPKAQIKESLRAELRVTER,6J14_A,QLQQSGAELVRPGASVKLSCKALGDYEIHWVKQTPVHGLEWIGVIHPGSGGTVYNQKFKGKATLTADKYSSTAYMELSSLTSEDSAVYYCTREGMNTDWYFDVWGAGTTVTVS,1
6U9S_C,TGFVNKDQIAKDVKQFYDQALQQAVVDDDANNAKAVVKTFHETLDCCGSSTLTALTTSVLKNNLCPSGSNIISNLFKEDCHQKIDDLFSGSH,6U9S_A,QVQLVQSGSELKKPGASVKVSCKASGYTFTDDSIHWVRQAPGQGLEWMGWINTETGEPTYADDFKGRFVFSLDTSVSTAYLQISSLKAEDTAVYYCARLSPVVVIFIYWGQGTLVTVSSASTKGPSVFPLAPSSKSTSGGTAALGCLVKDYFPEPVTVSWNSGALTSGVHTFPAVLQSSGLYSLSSVVTVPSSSLGTQTYICNVNHKPSNTKVDKKVEPKS,1
6U9S_C,TGFVNKDQIAKDVKQFYDQALQQAVVDDDANNAKAVVKTFHETLDCCGSSTLTALTTSVLKNNLCPSGSNIISNLFKEDCHQKIDDLFSGSH,5DFV_C,QVQLQQSGPELVKPGASVKISCKASGYTFSSSWMNWVKQRPGKGLEWIGRIYSGDGDAIYNGKFKGKATLTADKSSSTAYMQLSSLTSEDSAVYFCAREGKTGDLLLRSWGQGSALTVSSAKTTAPSVYPLVPVSSVTLGCLVKGYFPEPVTLTWNSGSLSSGVHTFPALLQSGLYTLSSSVTVTSNTWPSQTITCNVAHPASSTKVDKKIEPR,1
5DFV_A,FVNKDQIAKDVKQFYDQALQQAVVDDDANNAKAVVKTFHETLDCCGSSTLTALTTSVLKNNLCPSNIISNLFKEDCHQKIDDLFSGKH,5DFV_C,QVQLQQSGPELVKPGASVKISCKASGYTFSSSWMNWVKQRPGKGLEWIGRIYSGDGDAIYNGKFKGKATLTADKSSSTAYMQLSSLTSEDSAVYFCAREGKTGDLLLRSWGQGSALTVSSAKTTAPSVYPLVPVSSVTLGCLVKGYFPEPVTLTWNSGSLSSGVHTFPALLQSGLYTLSSSVTVTSNTWPSQTITCNVAHPASSTKVDKKIEPR,1
6OGX_G,CVGDTYPSNDRCCHECRPGNGMVSRCSRSQNTVCRPCGPGFYNDVVSSKPCKPCTWCNLRSGSERKQLCTATQDTVCRCRAGTQPLDSYKPGVDCAPCPPGHFSPGDNQACKPWTNCTLAGKHTLQPASNSSDAICEDRD,6OGX_C,EVQLVQSGAEVKKPGASVKVSCKASGYTFTDSYMSWVRQAPGQGLEWIGDMYPDNGDSSYNQKFRERVTITRDTSTSTAYLELSSLRSEDTAVYYCVLAPRWYFSVWGQGTLVTVSSASTKGPSVFPLAPSSKSTSGGTAALGCLVKDYFPEPVTVSWNSGALTSGVHTFPAVLQSSGLYSLSSVVTVPSSSLGTQTYICNVNHKPSNTKVDKKVEPK,1
6OGX_G,CVGDTYPSNDRCCHECRPGNGMVSRCSRSQNTVCRPCGPGFYNDVVSSKPCKPCTWCNLRSGSERKQLCTATQDTVCRCRAGTQPLDSYKPGVDCAPCPPGHFSPGDNQACKPWTNCTLAGKHTLQPASNSSDAICEDRD,6OKM_H,VQLVQSGAEVKKPGASVKVSCKASGYAFTNYLIEWVRQAPGQGLEWIGVINPGSGDTYYSEKFKGRVTLTADTSTSTAYLELSSLRSEDTAVYYCARDRLDYWGQGTLVTVSSASTKGPSVFPLAPSSKSTSGGTAALGCLVKDYFPEPVTVSWNSGALTSGVHTFPAVLQSSGLYSLSSVVTVPSSSLGTQTYICNVNHKPSNTKVDKKVEPK,1
6OKM_R,HCVGDTYPSNDRCCHECRPGNGMVSRCSRSQNTVCRPCGPGFYNDVVSSKPCKPCTWCNLRSGSERKQLCTATQDTVCRCRAGTQPLDSYKPGVDCAPCPSPGDNQACPW,6OKM_H,VQLVQSGAEVKKPGASVKVSCKASGYAFTNYLIEWVRQAPGQGLEWIGVINPGSGDTYYSEKFKGRVTLTADTSTSTAYLELSSLRSEDTAVYYCARDRLDYWGQGTLVTVSSASTKGPSVFPLAPSSKSTSGGTAALGCLVKDYFPEPVTVSWNSGALTSGVHTFPAVLQSSGLYSLSSVVTVPSSSLGTQTYICNVNHKPSNTKVDKKVEPK,1
6OKM_R,HCVGDTYPSNDRCCHECRPGNGMVSRCSRSQNTVCRPCGPGFYNDVVSSKPCKPCTWCNLRSGSERKQLCTATQDTVCRCRAGTQPLDSYKPGVDCAPCPSPGDNQACPW,6OGX_C,EVQLVQSGAEVKKPGASVKVSCKASGYTFTDSYMSWVRQAPGQGLEWIGDMYPDNGDSSYNQKFRERVTITRDTSTSTAYLELSSLRSEDTAVYYCVLAPRWYFSVWGQGTLVTVSSASTKGPSVFPLAPSSKSTSGGTAALGCLVKDYFPEPVTVSWNSGALTSGVHTFPAVLQSSGLYSLSSVVTVPSSSLGTQTYICNVNHKPSNTKVDKKVEPK,1
5B8C_C,SWNPPTFSPALLVVTEGDNATFTCSFSNTSESFVLNWYRMSPSNQTDKLAAFPEDRSQPGQDSRFRVTQLPNGRDFHMSVVRARRNDSGTYLCGAISLAPKAQIKESLRAELRVTE,5B8C_B,QVQLVQSGVEVKKPGASVKVSCKASGYTFTNYYMYWVRQAPGQGLEWMGGINPSNGGTNFNEKFKNRVTLTTDSSTTTAYMELKSLQFDDTAVYYCARRDYRFDMGFDYWGQGTTVTVSS,1
5B8C_C,SWNPPTFSPALLVVTEGDNATFTCSFSNTSESFVLNWYRMSPSNQTDKLAAFPEDRSQPGQDSRFRVTQLPNGRDFHMSVVRARRNDSGTYLCGAISLAPKAQIKESLRAELRVTE,7BXA_H,QVQLQESGPGLVKPSETLSLTCTVSGFSLTSYGVHWIRQPPGKGLEWIGVIYADGSTNYNPSLKSRVTISKDTSKNQVSLKLSSVTAADTAVYYCARAYGNYWYIDVWGQGTTVTVSSASTKGPSVFPLAPCAALGCLVKDYFPEPVTVSWNSGALTSGVHTFPAVLQSSGLYSLSSVVTVPSSSLGTKTYTCNVDHKPSNTKVDKRVESK,1
7BXA_P,NPPTFSPALLVVTEGDNATFTCSFSNTSESFVLNWYRMSPSNQTDKLAAFPEDRSSRFRVTQLPNGRDFHMSVVRARRNDSGTYLCGAIQIKESLRAELRVTE,7BXA_H,QVQLQESGPGLVKPSETLSLTCTVSGFSLTSYGVHWIRQPPGKGLEWIGVIYADGSTNYNPSLKSRVTISKDTSKNQVSLKLSSVTAADTAVYYCARAYGNYWYIDVWGQGTTVTVSSASTKGPSVFPLAPCAALGCLVKDYFPEPVTVSWNSGALTSGVHTFPAVLQSSGLYSLSSVVTVPSSSLGTKTYTCNVDHKPSNTKVDKRVESK,1
6WO3_E,NRTALNCNDSLQTGFITSLFYAPRPCDVVSARTVCGPVYCFTPSPVVVGTTDKLGIPTYNWGENETDVFMLESLRPPTGGWFGCTWMNSTGFTKTCGAPGGSGPWITPRCLVDYPYRLWHYPCTVNFTLHKVRMFVGGIEHRFDAACN,6WO3_H,QLLEQSGPEVKRPGTSVKMSCKISGGASITQAMSWVRQAPGQGLEWMGGITPIFGTVNYAQKILGRVTITADEDTVSLELSSLKSEDTAVYYCAREVNLKTWNLAHPNVFDVWGQGTMLTVSSASTKGPSVFPLAPSSKSTSGGTAALGCLVKDYFPEPVTVSWNSGALTSGVHTFPAVLQSSGLYSLSSVVTVPSSSLGTQTYICNVNHKPSNTKVDKKVEP,1
6UYG_E,HINRTALNCNDSLQTGFITSLFYAKNVDRPCDVVSARTVCGPVYCFTPSPVVVGTTDKLGIPTYNWGENETDVFMLESLRPPTGGWFGCTWMNSTGFTKTCPWITPRCLVDYPYRLWHYPCTVNFTLHKVRMFVGGIEHRFDAACN,6UYG_H,LEQSGAEVKTPGSSVRVSCFNSYSINWVRQAPGHGLEWVGTFIPMFGTSKYAQKFQGRVTITATAYMDLNSLRSDDTAFYYCVRPETPRYCSGGFCYGEFDNWGQGTLVTVSSASTKGPSVFPLAPALGCLVKDYFPEPVTVSWNSGALTSGVHTFPAVLQSSGLYSLSSVVTVPSSSLGTQTYICNVNHKPSNTKVDKKVEPK,1
6BKB_E,HINRTALNCNDSLQTGFITSLFYSSGCPRPCDVVSARTVCGPVYCFTPSPVVVGTTDKLGIPTYNWGENETDVFMLESLRPPTGGWFGCTWMNSTGFTKTCGAPPGGPTDGGSGPWITPRCLVDYPYRLWHYPCTVNFTLHKVRMFVGGIEHRFDAACN,6BKB_H,QLLEQSGAEVKTPGSSVRVSCRPPNFNSYSINWVRQAPGHGLEWVGTFIPMFGTSKYAQKFQGRVTITATAYMDLNSLRSDDTAFYYCVRPETPRYCSGGFCYGEFDNWGQGTLVTVSSASTKGPSVFPLAPSSKSTSGGTAALGCLVKDYFPEPVTVSWNSGALTSGVHTFPAVLQSSGLYSLSSVVTVPSSSLGTQTYICNVNHKPSNTKVDKKVEPK,1
2ADF_A,DCSQPLDVILLLDGSSSFPASYFDEMKSFAKAFISKANIGPRLTQVSVLQYGSITTIDVPWNVVPEKAHLLSLVDVMQREGGPSQIGDALGFAVRYLTSEMHGARPGASKAVVILVTDVSVDSVDAAADAARSNRVTVFPIGIGDRYDAAQLRILAGPAGDSNVVKLQRIEDLPTMVTLGNSFLHKLCS,2ADF_H,QIQLVQSGPELKKPGETVKISCKASGYTFINYGMNWVKQAPGKGLKWMGWKNTNTGETTYGEEFRGRFAFSLETSVSTAYLQINNLKNEDTATYFCARDNPYYALDYWGQGTTVTVSSAKTTAPSVYPLAPVCGDTTGSSVTLGCLVKGYFPEPVTLTWNSGSLSSGVHTFPAVLQSDLYTLSSSVTVTSSTWPSQSITCNVAHPASSTKVDKKIEPR,1
1FE8_A,PDCSQPLDVILLLDGSSSFPASYFDEKSFAKAFISKANIGPRLTQVSVLQYGSITTIDVPWNVVPEKAHLLSLVDVQREGGPSQIGDALGFAVRYLTSEHGARPGASKAVVILVTDVSVDSVDAAADAARSNRVTVFPIGIGDRYDAAQLRILAGPAGDSNVVKLQRIEDLPTVTLGNSFLHKLCS,1FE8_H,DVKLVQSGPGLVAPSQSLSITCTVSGFSLTTYGVSWVRQPPGKGLEWLGVIWGDGNTTYHSALISRLSISKDNSRSQVFLKLNSLHTDDTATYYCAGNYYGMDYWGQGTSVTVSSAETTAPSVYKLEPVSSVTLGCLVKGYFPEPVTLTWNSGSLSSGVHTFPAVLQSDLYTLSSSVTVTSSTWPSQSITCNVAHPASSTKVDKKIEPRG,1
6W16_F,LKESYLEESCSTITEGYLSVLRTGWYTNVFTLEVGDVENLTCTDGPSLIKTELDLTKSALRELKTVSADQLARVATAAAVTAGIAIAKTIRLESEVNAIKGALKTTNEAVSTLGNGVRVLATAVRELKEFVSKNLTSAINKNKCDIADLKMAVSFSQFNRRFLNVVRQFSDNAGITPAISLDLMTDAELARAVSYMPTSAGQIKLMLENRAMVRRKGFGILIGVYGSSVIYMVQLPIFGVIDTPCWIIKAAPSCSEKDGNYACLLREDQGWYCKNAGSTVYYPNEKDCETRGDHVFCDTAAGINVAEQSRECNYPCKVSTGRHPISMVALSPLGALVACYKGVSCSIGSNRVGIIKQLPKGCSYITNQDADTVTIDNTVYQLSKV,6W16_H,QGKLVESGGGVIQPGRSLRLSCAASGFDFSRYGLHWVRQAPGKGLEWVAVIVYAGSNKYYADSVKGRFTISKDNSKNTMHLQMSDLRTEDTAVYYCARDQAFDLWGQGTMVTVSSASTKGPSVFPLAPSSKSTGGGTAALGCLVKDYFPEPVTVSWNSGALTSGVHTFPAVLQSSGLYSLSSVVTVPSSSLGTQTYICNVNHKPSNTKVDKKVEPKSCD,1
4DAG_A,GLKESYLEESCSTITEGYLSVLRTGWYTNVFTLEVGDVENLTCTDGPSLIKTELDLTKSALRELKTVSADQLAREEQTAAAVTAGIAIAKTIRLESEVNAIKGALKTTNEAVSTLGNGVRVLATAVRENKNKCDIADLKMAVSFSQFNRRFLNVVRQFSDNAGITPAISLDLMTDAELARAVSYMPTSAGQIKLMLENRAMVRRKGFGILIGVYGSSVIYMVQLPIFGVIDTPCWIIKAAPSCSEKDGNYACLLREDQGWYCKNAGSTVYYPNDKDCETRGDHVFCDTAAGINVAEQSRECNINISTTNYPCKVSTGRHPISMVALSPLGALVACYKGVSCSIGSNRVGIIKQLPKGCSYITNQDADTVTIDNTVYQLSKVEG,4DAG_H,EVQLLESGGGLVQPGGSRRLSCAASGFTVSSSYMSWVRQTPGKGLEWISVFYSGGTTYYADAVKGRFSISMDTSKNTLHLQMNSLRVEDTAIYYCARVLSRASGMPDAFDIWGPGTMVTVSSASTKGPSVFPLAPSSAATSGGTAALGCLVKDYFPEPVTVSWNSGALTSGVHTFPAVLQSSGLYSLSSVVTVPSSSLGTQTYICNVNHKPSNTKVDKKV,1
4HCR_B,VKPLQVEPPEPVVAVALGASRQLTCRLACADRGASVQWRGLDTSLGAVQSDTGRSVLTVRNASLSAAGTRVCVGSCGGRTFQHTVQLLVYAFPNQLTVSPAALVPGDPEVACTAHKVTPVDPNALSFSLLVGGQELEGAQALGPEVQEEDVLFRVTERWRLPPLGTPVPPALYCQATMRLPGLELSHRQAIPVL,4HCR_M,QVQLVQSGAEVKKPGASVKVSCKASGYTFTSYGINWVRQAPGQGLEWMGWISVYSGNTNYAQKVQGRVTMTADTSTSTAYMDLRSLRSDDTAVYYCAREGSSSSGDYYYGMDVWGQGTTVTVSSASTKGPSVFPLAPCSTAALGCLVKDYFPEPVTVSWNSGALTSGVHTFPAVLQSSGLYSLSSVVTVPSSNFGTQTYTCNVDHKPSNTKVDKTVE,1
4HC1_B,PEPVVAVALGASRQLTCRLACADRGASVQWRGLDTSLGAVQSDTGRSVLTVRNASLSAAGTRVCVGSCGGRTFQHTVQLLVYAFPNQLTVSPAALVPGDPEVACTAHKVTPVDPNALSFSLLVGGQELEGAQALGPEVQQEPIGGDVLFRVTERWRLPPLGTPVPPALYCQATMRLPGLELSHRQAIPVLGGENLYFQ,4HC1_M,DVQLQESGPGLVKPSQSLSLTCSVTGYSITSGYYWNWIRQFPGNKLEWMGYISYDGSNNYNPSLKNRVSITRDTSKNHFFLKLSSVTTEDTATYYCARASDSDGFAYWGQGTLVTVSAAKTTAPSVYPLAPVCGGTTGSSVTLGCLVKGYFPEPVTLTWNSGSLSSGVHTFPAILQSGLYTLSSSVTVTSNTWPSQTITCNVAHPASSTKVDKKIEPRVP,1
4YWG_G,MTTFKLAACVTLNCTETRVKHCSFNITTDVKDRKQKVNATFYDLDIVPLSSSLYRLISCQTTTTEAVDAATAAKVFKQYANDNGIDGEWTYDDATKTFTVTEG,4YWG_H,QVQLQQWGPGLLKPSETLSLTCAVYGGSFGRYYWSWIRQSSGEGLEWLGQIDHTGSTTYNPSLKGRVTISIDSSTNQFSLKVTSVIAADTAVYYCARAPSGYPGVSLYQYYGLDVWGQGTTVTVSSASTKGPSVFPLGCLVKDYFPEPVTVSWNSGALTSGVHTFPAVLQSSGLYSLSSVVTVPSSSLGTQTYICNVNHKPSNTKVDKKV,1
4YWG_Q,TFKLAACVTLNCTNESETRVKHCSFNITTKQKVNATFYDLDIVPLSLYRLISCQTTTTEAVDAAKVFKQYANDNGIDGEWTYDDATKTFTVTEG,4YWG_I,QVQLQQWGPGLLKPSETLSLTCAVYGGSFGRYYWSWIRQSSGEGLEWLGQIDHTGSTTYNPSLKGRVTISIDSSTNQFSLKVTSVIAADTAVYYCARAPSGYPGVSLYQYYGLDVWGQGTTVTVSSASTKGPSVFPLAPSSKSTSGGTAALGCLVKDYFPEPVTVSWNSGALTSGVHTFPAVLQSSGLYSLSSVVTVPSSSLGTQTYICNVNHKPSNTKVDKKVEP,1
1IQD_C,CSMPLGMESKAISDAQITASSYFTNMFATWSPSKARLHLQGRSNAWRPQVNNPKEWLQVDFQKTMKVTGVTTQGVKSLLTSMYVKEFLISSSQDGHQWTLFFQNGKVKVFQGNQDSFTPVVNCLDPPLLTRYLRIHPQSWVHQIALRMEVLGCEAQ,1IQD_B,QVQLVQSGAEVKKPGASVKVSCKVSGYTLTELPVHWVRQAPGKGLEWVGSFDPESGESIYAREFQGSVTMTADTSTNIAYMELSSLRSDDTAVYYCAVPDPDAFDIWGQGTMVTVSSASTKGPSVFPLATAALGCLVKDYFPEPVTVSWNSGALTSGVHTFPAVLQSSGLYSLSSVVTVTATYTCNVDHKPSNTKVDKRV,1
4DKE_B,EECTVTGFLRDKLQYRSRLQYMKHYFPINYKISVPYEGVFRIANVTRLQRAQVSERELRYLWVLVSLSATESVQDVLLEGHPSWKYLQEVETLLLNVQQGLVESVLSLLNANLKLVRPKALLDNCFRVMELLYCSCC,4DKE_I,EVQLVESGGGLVQPGGSLRLSCAASGFTFSSTWIHWVRQAPGKGLEWVARISPYYYYSDYADSVKGRFTISADTSKNTAYLQMNSLRAEDTAVYYCARGLGKGSKRGAMDYWGQGTLVTVSSASTKGPSVFPLAPSTAALGCLVKDYFPEPVTVSWNSGALTSGVHTFPAVLQSSGLYSLSSVVTVPSSSLGTQTYICNVNHKPSNTKVDKKVEPK,1
4DKF_A,NEECTVTGFLRDKLQYRSRLQYMKHYFPINYKISVPYEGVFRIANVTRLQRAQVSERELRYLWVLVSLSATESVQDVLLEGHPSWKYLQEVETLLLNVQQGLTDVEVSPKVESVLSLLNAPGPNLKLVRPKALLDNCFRVMELLYCSCCKQSSVLNWQDCE,4DKF_H,VQLVESGGGLVQPGGSLRLSCAASGFSFTSYGISWVRQAPGKGLEWVSHIDWYGGDTDYADSVKGRFTISADTSKNTAYLQMNSLRAEDTAVYYCARGGPDYAMDVWGQGTLVTVSSASTKGPSVFPLAPSSSGGTAALGCLVKDYFPEPVTVSWNSGALTSGVHTFPAVLQSSGLYSLSSVVTVPSSSLGTQTYICNVNHKPSNTKVDKKVEP,1
6DDM_C,TVPPMVNVTRSITVTCRASSFYPRNIILTWRQDGVSLSHDTQQWGDVLPDGNGTYQTWVATRICRGEEQRFTCYMEHSGNHSTHPVPS,6DDM_B,IQLQQSGPELVKPGASVKVSCKASGYAFTSQNIYWVKQSHGKSLEWIGYIEPYNVVPMYNPKFKGKATLTVDKSSSSAYIHLNSLTSEDSAIYYCARSGSSNFDYWGQGTTLTVSSASTKGPSVFPLAPSSSGGTAALGCLVKDYFPEPVTVSWNSGALTSGVHTFPAVLQSSGLYSLSSVVTVPSSSLGTQTYICNVNHKPSNTKVDKKVEPKSC,1
6DDV_C,TVPPMVNVTRSEASEGNITVTCRASSFYPRNIILTWRQDGVSLSHDTQQWGDVLPDGNGTYQTWVATRISRGEEQRFTCYMEHSGNHSTHPVPS,6DDV_B,GQMQQSGAELVKPGASVKLSCKTSGFTFSDNYISWLKQKPGQSLEWIAWIYAGTGGSSYNQKFRDKAQLTVDTSSRTAYMQLSSLTTEDSAIYYCARHDYYGTSGAWFAYWGRGTLVTVSAASTKGPSVFPLAPSSKSTSGGTAALGCLVKDYFPEPVTVSWNSGALTSGVHTFPAVLQSSGLYSLSSVVTVPSSSLGTQTYICNVNHKPSNTKVDKKVEPK,1
6I04_A,YQLPNFTAETPIQNVILHEHHIFLGATNYIYVLNEEDLQKVAEYKTGPVLEHPDCFPCQDCSSKANLSGGVWKDNINMALVVDTYYDDQLISCGSVNRGTCQRHVFPHNHTADIQSEVHCIFSPQIEEPSQCPDCVVSALGAKVLSSVKDRFINFFVGNTINSSYFPLHSISVRRLKETKDGFMFLTDQSYIDVLPEFRDSYPIKYVHAFESNNFIYFLTVQRETLDAQTFHTRIIRFCSINSGLHSYMEMPLECILTKEVFNILQAAYVSKPGAQLARQIGASLNDDILFGVFAQSKPDSAEPMDRSAMCAFPIKYVNDFFNKINVRCLQHFYGPNCEEYRTEFTTALQRVDLFMGQFSEVLLTSISTFIKGDLTIANLGTSEGRFMQVVVSRSGPSTPHVNFLLDSHPVSPEVIVEHTLNQNGYTLVITGKKITKIPLNG,6I04_H,QLQLQESGPGLVKPSETLSLTCTVSGGSISSSVYYWSWIRQPPGKGLEWIGVIYPSGNTYYSPSLKSRVTISVDTSKNQFSLKLSSVTAADTAVYYCARTIYDLFDIWGQGTMVTVSSASTKGPSVFPLAPTAALGCLVKDYFPEPVTVSWNSGALTSGVHTFPAVLQSSGLYSLSSVVTVPSSSLGTQTYICNVNHKPSNTKVDKKVEPK,1
6I04_A,YQLPNFTAETPIQNVILHEHHIFLGATNYIYVLNEEDLQKVAEYKTGPVLEHPDCFPCQDCSSKANLSGGVWKDNINMALVVDTYYDDQLISCGSVNRGTCQRHVFPHNHTADIQSEVHCIFSPQIEEPSQCPDCVVSALGAKVLSSVKDRFINFFVGNTINSSYFPLHSISVRRLKETKDGFMFLTDQSYIDVLPEFRDSYPIKYVHAFESNNFIYFLTVQRETLDAQTFHTRIIRFCSINSGLHSYMEMPLECILTKEVFNILQAAYVSKPGAQLARQIGASLNDDILFGVFAQSKPDSAEPMDRSAMCAFPIKYVNDFFNKINVRCLQHFYGPNCEEYRTEFTTALQRVDLFMGQFSEVLLTSISTFIKGDLTIANLGTSEGRFMQVVVSRSGPSTPHVNFLLDSHPVSPEVIVEHTLNQNGYTLVITGKKITKIPLNG,4K3J_H,EVQLVESGGGLVQPGGSLRLSCAASGYTFTSYWLHWVRQAPGKGLEWVGMIDPSNSDTRFNPNFKDRFTISADTSKNTAYLQMNSLRAEDTAVYYCATYRSYVTPLDYWGQGTLVTVSSASTKGPSVFPLAPSSKSTSGGTAALGCLVKDYFPEPVTVSWNSGALTSGVHTFPAVLQSSGLYSLSSVVTVPSSSLGTQTYICNVNHKPSNTKVDKKVEPKS,1
4K3J_B,MKYQLPNFTAETPIQNVILHEHHIFLGATNYIYVLNEEDLQKVAEYKTGPVLEHPDCFPCQDCSSKANLSGGVWKDNINMALVVDTYYDDQLISCGSVNRGTCQRHVFPHNHTADIQSEVHCIFSPQIEEPSQCPDCVVSALGAKVLSSVKDRFINFFVGNTINSSYFPDHPLHSISVRRLKETKDGFMFLTDQSYIDVLPEFRDSYPIKYVHAFESNNFIYFLTVQRETLDAQTFHTRIIRFCSINSGLHSYMEMPLECILTKEVFNILQAAYVSKPGAQLARQIGASLNDDILFGVFAQSKPDSAEPMDRSAMCAFPIKYVNDFFNKIVNKNNVRCLQHFYGPNHEHCEYRTEFTTALQRVDLFMGQFSEVLLTSISTFIKGDLTIANLGTSEGRFMQVVVSRSGPSTPHVNFLLDSHPVSPEVIVEHTLNNGYTLVITGKKITKIPLNGLGCRHFQSCSQCLSAPPFVQCGWCHDKCVRSEECLSGTWTQQICLPA,4K3J_H,EVQLVESGGGLVQPGGSLRLSCAASGYTFTSYWLHWVRQAPGKGLEWVGMIDPSNSDTRFNPNFKDRFTISADTSKNTAYLQMNSLRAEDTAVYYCATYRSYVTPLDYWGQGTLVTVSSASTKGPSVFPLAPSSKSTSGGTAALGCLVKDYFPEPVTVSWNSGALTSGVHTFPAVLQSSGLYSLSSVVTVPSSSLGTQTYICNVNHKPSNTKVDKKVEPKS,1
6N6B_A,AEYRNWSKPQCNITGFAPFSKDNSIRLSAGGDIWVTREPYVSCDPDKCYQFALGQGTTLNNRHSNNTVHDRSPYRTLLMNELGVPFHLGTRQVCIAWSSSSCHDGKAWLHVCITGDDNNATASFIYNGRLVDSIGSWSKNILRTQESECVCINGTCTVVMTDGSASGKADTKILFIEEGKIVHISTLSGSAQHVEECSCYPRYPGVRCVCRDNWKGSNRPIVDINMKDYSIASSYVCSGLVGDTPRKNDSFSSSHCLDPNNEKGGHGVKGWAFDDGNDVWMGRTISEEFRLGYETFKVIKGWSNPNSKLQTNRQVIVEKGNRSGYSGVFSIEDKSCINRCFYVELIRGRKEETKVWWTSNSIVVFCGTSGTYGTGSWPDGADINLMPI,6N6B_K,DVQLEQSGPGLVKPSQSLSLTCTVTGYSITTDYAWNWIRQFPGNKLEWMGYISYTGSTTYNPSLKSRISITRDTSKNQFFLQLISVNAEDTATYYCARRGDYDYFDYWGQGTTLTVSSAKTTAPSVYPLAPVCGDTTGSSVTLGCLVKGYFPEPVTLTWNSGSLSSGVHTFPAVLQSDLYTLSSSVTVTSSTWPSQSITCNVAHPASSTKVDKKIEPRGPT,1
2AEQ_A,AEYRNWSKPQCKITGFAPFSKDNSIRLSAGGDIWVTREPYVSCDPDKCYQFALGQGTTLNNRHSNDTVHDRTPYRTLLMNELGVPFHLGTKQVCIAWSSSSCHDGKAWLHVCVTGHDENATASFIYDGRLVDSIGSWSKKILRTQESECVCINGTCTVVMTDGSASGRADTKILFIEEGKIVHISPLSGSAQHVEECSCYPRYPGVRCVCRDNWKGSNRPIVDINVKDYSIVSSYVCSGLVGDTPRKNDSSSSSHCLNPNNEEGGHGVKGWAFDDGNDVWMGRTISEKFRSGYETFKVIEGWSKPNSKLQINRQVIVDRGNRSGYSGIFSVEGKSCINRCFYVELIRGRKQETEVWWTSNSIVVFCGTSGTYGTGSWPDGADINLMPI,2AEQ_H,EVKLVESGGGLVQPGGSLSLSCATSGFTFIDYYMSWFRQPPGKALEWLGLIRNKGNGYTMEYSASLKGRFTISRDNSQSIVYLHMNTLTAEDSATYYCARVDYGTNYDYWGQGTTL,1
5D1X_E,KMTDLQDTKYVVYESVENNESMMDTFVKHPIKTGMLNGKKYMVMETTNDDYWKDFMVEGQRVRTISKDAKNNTRTIIFPYVEGKTLYDAIVKVHVKTIDYDGQYHVRIVDKEAFT,5D1X_B,QVQLVQSGSEVKKPGSSVTLSCKASGDTFNTHTYSWVRQAPGQRLEWIGGIMPIFAASKSAPHLQDRLTITANKATRTAYMELTSLTSDDSGVYYCARDGRGALQYWGQGTLVTVSSASTKGPSVFPLAPSSGTAALGCLVKDYFPEPVTVSWNSGALTSGVHTFPAVLQSSGLYSLSSVVTVPSSSLGTQTYICNVNHKPSNTKVDKKVEP,1
6J14_G,NPPTFSPALLVVTEGDNATFTCSFVLNWYRMSPSNQTDKLAAFPDCRFRVTQLPNGRDFHMSVVRARRNDSGTYLCGAISLAPKAQIKESLRAELRVTER,6HIG_H,EVQLVQSGAEVKKPGESLKISCKGSGYSFTNFYIHWVRQAPGQRLEWMGSIYPNYGDTAYNQKFKDRFVFSLDTSVSTAYLQISSLKAEDTAVYYCARGYSYAMDYWGQGTTVTVSSASTKGPSVFPLAPCSTAALGCLVKDYFPEPVTVSWNSGALTSGVHTFPAVLQSSGLYSLSSVVTVPSSSLKTYTCNVDHKPSNTKVDKRVES,1
5K9O_I,DTLCIGYHANNSTDTVDTVLEKNVTVTHSVNLLEDKHNGKLCKLRGVAPLHLGKCNIAGWILGNPECESLSTASSWSYIVETPSSDNGTCYPGDFIDYEELREQLSSVSSFERFEIFPKTSSWPNHDSNKGVTAACPHAGAKSFYKNLIWLVKKGNSYPKLSKSYINDKGKEVLVLWGIHHPSTSADQQSLYQNADTYVFVGSSRYSKKFKPEIAIRPKVRDQEGRMNYYWTLVEPGDKITFEATGNLVVPRYAFAMERNAGSGIIISDTPVHDCNTTCQTPKGAINTSLPFQNIHPITIGKCPKYVKSTKLRLATGLRNIPSIQSRGGFIEGGWTGMVDGWYGYHHQNEQGSGYAADLKSTQNAIDEITNKVNSVIEKMNTQDGFLDIWTYNAELLVLLENERTLDYHDSNVKNLYEKVRSQLKNNAKEIGNGCFEFYHKCDNTCMESVKNGTYDYPKYSEEAKL,5K9O_H,QVQLVQSGAEVKKPGASVKVSCKASGYSFSSYGISWVRQAPGQGLEWMGWISAYNGNTNYAQKLQGRVTMTTDTSTSTAYMELRSLRSDDTAVFYCARDRPHILTGFDFDYWGQGTLVTSTKGPSVFPLAPSSKSTSGGTAALGCLVKDYFPEPVTVSWNSGALTSGVHTFPAVLQSSGLYSLSSVVTVPSSSLGTQTYICNVNHKPSNTKVDKKVEPKSC,1
4M5Z_A,GVAPLHLGKCNIAGWILGNPECETASSWSYIVETSDNGTCYPGDFIDYEELREQLSSVSSFERFEIFPKTSSWPNHDSNKGVTAACPHAGAKSFYKNLIWLVKKGNSYPKLSKSYINDKGKEVLVLWGIHHPSTSADQQSLYQNADAYVFVGSSRYSKKFKPEIAIRPKVRDQEGRMNYYWTLVEPGDKITFEATGNLVVPRYAFAMERN,4M5Z_H,EVQLVESGPGLVKPSDILSLTCAVSGYSISSNYYWGWIRQPPGKGLEWIGSIYHSGSTYYKPSLESRLGISVDTSKNQFSLKLSFVSAADTAVYYCARHVRSGYPDTAYYFDKWGQGTLVTVSSASTKGPSVFPLAPSGTAALGCLVKDYFPEPVTVSWNSGALTSGVHTFPAVLQSSGLYSLSSVVTVPSSSLGTQTYICNVNHKPSNTKVDKRVEPKS,1
4KI5_M,CSMPLGMESKAISDAQITASSYFTNMFATWSPSKARLHLQGRSNAWRPQVNNPKEWLQVDFQKTMKVTGVTTQGVKSLLTSMYVKEFLISSSQDGHQWTLFFQNGKVKVFQGNQDSFTPVVNSLDPPLLTRYLRIHPQSWVHQIALRMEVLGCE,4KI5_E,QVQLQQSGAELMKPGASVKISCKATGYTFSSYWIEWVKQRPGHGLEWIGEILPGSGSTNYNERFKGKASFTADSSSNTAYMQLSSLTSEDSAVYYCTRTSYYFGSSYDFDVWGAGTTVTVSSAKTTAPSVYPLAPVCGDTTGSSVTLGCLVKGYFPEPVTLTWNSGSLSSGVHTFPALLQSDLYTLSSSVTVTSSTWPSQSITCNVAHPASSTKVDKKIEPRGP,1
6BKD_E,HINRTALNCNDSLQTGFITSLFYPRPCDVVSARTVCGPVYCFTPSPVVVGTTDKLGIPTYNWGENETDVFMLESLRPPGWFGCTWMNSTGFTKTCGAPPPTDGGSGPWITPRCLVDYPYRLWHYPCTVNFTLHKVRMFVGIEHRFDAACN,6BKD_H,LLEQSGAEVKKPGSSVKVSCKASGDTFRSYVITWARQAPGQGLEWMGAIIPFFGTTNLAQKFQGRVTITADESTKTVYMDLSSLRSDDTAVYYCAKAGDLSVGGVLAGGVPHLRHFDPWGQGTLVTVSSASTKGPSVFPLAPGGTAALGCLVKDYFPEPVTVSWNSGALTSGVHTFPAVLQSSGLYSLSSVVTVPSSSLGTQTYICNVNHKPSNTKVDKKVEP,1
5VL7_B,LVEVYLLDTSIQSDHREIEGRVMVTDFENVPEEASKCDSHGTHLAGVVSGRDAGVAKGASMRSLRVLNCQGKGTVSGTLIGLEFIRKSQLVQPVGPLVVLLPLAGGYSRVLNAACQRLARAGVVLVTAAGNFRDDACLYSPASAPEVITVGATNAQDQPVTLGTLGTNFGRCVDLFAPGEDIIGASSDCSTCFVSQSGTSQAAAHVAGIAAMMLSAEPELTLAELRQRLIHFSAKDVINEAWFPEDQRVLTPNLVAALPPSQLFCRTVWSAHATAIARCAPDEELLSCSSFSRSGERMEAQGGKLVCRAHEGVYAIARCCLLPQANCSVHTAPPAEASMGTRVHCHQQGHVLTGCSSHWPNQCVGHREASIHASCCHAPGLECKVKEHGIPQEQVTVACEEGWTLTGCSALPGAYAVDNTCVVRSRAVTAVAICCRS,5VL7_H,EVQLVESGGGLVQPGGSLRLSCAASGFTFSSTAIHWVRQAPGKGLEWVARISPANGNTNYADSVKGRFTISADTSKNTAYLQMNSLRAEDTAVYYCARWIGSRELYIMDYWGQGTLVTVSSASTKGPSVFPLAPSSGTAALGCLVKDYFPEPVTVSWNSGALTSGVHTFPAVLQSSGLYSLSSVVTVPSSSLGTQTYICNVNHKPSNTKVDKKVEPKSC,1
2XTJ_A,PWNSLVEVYLLDTSIQSDHREIEGRVMVTDFENVPEEDQASKCDSHGTHLAGVVSGRDAGVAKGASMRSLRVLNCQGKGTVSGTLIGLEFIRKSQLVQPVGPLVVLLPLAGGYSRVLNAACQRLARAGVVLVTAAGNFRDDACLYSPASAPEVITVGATNAQDQPVTLGTLGTNFGRCVDLFAPGEDIIGASSDCSTCFVSQSGTSQAAAHVAGIAAMMLSAEPELTLAELRQRLILFSAKD,2XTJ_D,QVQLVQSGAEVKKPGSSVKVSCKASGGTFNSHAISWVRQAPGQGLEWMGGINPILGIANYAQKFQGRVTITADESTSTAYMELSSLRSEDTAVYYCARHYEIQIGRYGMNVYYLMYRFASWGQGTLVTVSS,1
5L6Y_C,PPSTALRELIEELVNITQNQKAPLCNGSMVWSINLTAGMYCAALESLINVSGCSAIEKTQRMLSGFCDTKIEVAQFVKDLLLHLKKLFREGRFN,5L6Y_H,VQLVQSGAEVKKPGASVKVSCKASGYTFTNYGLSWVRQAPGQGLEWMGWISANNGDTNYGQEFQGRVTMTTDTSTSTAYMELRSLRSDDTAVYYCARDSSSSWARWFFDLWGRGTLVTVSSASTKGPSVFPLAPISKSTSGGTAALGCLVKDYFPEPVTVSWNSGALTSGVHTFPAVLQSSGLYSLSSVVTVGPSQTYICNVNHKPSNTKVDKRVESKYGPPSPSSPAPAKN,1
3L5W_J,STALRELIEELVNITQLCNGSMVWSINLTMYCAALESLINVSGCSAIEKTQRMLSGFCPHKVSAKIEVAQFVKDLLLHLKKLFREG,3L5W_B,QVTLKESGPGILQPSQTLSLTCSFSGFSLSTYGMGVGWIRQPSGKGLEWLAHIWWDDVKRYNPALKSRLTISKDTSGSQVFLKIASVDTSDTATYYCARMGSDYDVWFDYWGQGTLVTVSAASTKGPSVFPLAPSSKSTSGGTAALGCLVKDYFPEPVTVSWNSGALTSGVHTFPAVLQSSGLYSLSSVVTVPSSSLGTQTYICNVNHKPSNTKVDKKVEP,1
4MWF_D,HINSTALNCNESLNTGWLAGLFYQHKFDSSGCRPCGIVPAKSVCGPVYCFTPSPVVVGTTDRSGAPTYSWGANDTDVFVLNNTRPPLGNWFGCTWMNSTGFTKVCGAPPCVIGGTLLCPTDCCGSGPWITPRCMVDYPYRLWHYPCTINYTIFKVRMYVGGVEHRLEAACN,4MWF_A,LLEQSGAEVKKPGSSVKVSCETSGGTFDNYALNWVRQAPGQGLEWIGGVVPLFGTTRNAQKFQGRVTISDDKSTGTGHMELRSLRSEDTAVYYCVRSVTPRYCGGGFCYGEFDYWGQGTLVTVSSASTKGPSVFPLAPSSKGGTAALGCLVKDYFPEPVTVSWNSGALTSGVHTFPAVLQSSGLYSLSSVVTVPSSSLGTQTYICNVNHKPSNTKVDKKVEPK,1
6I9I_D,DSFVCFEHKGFDISQCPKIGGHGSKKCTGDAAFCSAYECTAQYANAYCSHA,6I9I_H,TGSLEESGGRLVTPGTPLTLTCTVSGIDPNSDHMSWVRQAPGKGLEWIAIIYASGTTYYASWAKGRFTISKTSTTVDLRIASPTTEDTATYFCATYPNYPTDNLWGQGTLVTVSGTQPKAPSVFPLAPCCGDTPSSTVTLGCLVKGYLPEPVTVTWNSGTLTNGVRTFPSVRQSSGLYSLSSVVSVTSSSQPVTCNVAHPATNTKVDKTVAPS,1
6IEC_I,DPHLRNRPGKGHNYIDGMTQEDATCKPVTYAGACSSFDVLLEKGKFPLFQSYAHHRTLLEAVHDTIIAKADPPSCDLQSAHGNPCMKEKLVMKTHCPNDYQSAHYLNNDGKMASVKCPPKYELTEDCNFCRQMTGASLKKGSYPLQDLFCQSSEDDGSKLKTKMKGVCEVGVQALKKCDGQLSTAHEVVPFAVFKNSKKVYLDKLDLKTEENLLPDSFVCFEHRELKSFDISQCPKIGGHGSKKCTGDAAFCSAYECTAQYANAYCSHANGSGIVQIQVSGVWKKPLCVGYERVVVKRELS,6IEC_J,QVQLVQSGGGLVKPGGSLRLSCAASGFTFSDYYMSWIRQAPGKGLEWVSYISPGGSTIYYADSVKGRFTISRDNAKNSLYLQMNSLRAEDTAVYYCASSADVYNWFDPWGQGTLV,1
5DUM_A,PLILRDCSVAGWLLGNPMCIVEKANPANDLCYPGNFNDYEELKHLLSRINHFEKIQIIPKSSWSDHEASSGVSSACPYQGTPSFFRNVVWLIKKNNTYPTIKRSYNNTNQEDLLILWGIHHSNDAAEQTKLYQNPTTYISVGTSTLNQRLVPKIATRSKVNGQSGRMDFFWTILKPNDAINFESNGNFIAPEYAYKI,5DUM_H,VQLVQSGAEVKKPGESLRISCKGFAYSSTYFWISWVRQMPGKGLEWMGRIDPTDSYINYSPSFQGHVTISVDRSISTVYLQWSSLKASDTAMYYCAYHRRGHFYGSGSAWDWFESWGQGTLVTVSSASTKGPSVFPLAPTAALGCLVKDYFPEPVTVSWNSGALTSGVHTFPAVLQSSGLYSLSSVVTVPSSSLGTQTYICNVNHKPSNTKVDKKVESA,1
6IUV_B,PLILRDCSVAGWLLGNPMCDEFINVPEWSYIVEKASPANDLCYPGNFNDYEELKHLLSRINHFEKIQIIPKSSWSNHDASSGVSSACPYLGRSSFFRNVVWLIKKNSAYPTIKRSYNNTNQEDLLVLWGIHHPNDAAEQTKLYQNPTTYISVGTSTLNQRLVPEIATRPKVNGQSGRMEFFWTILKPNDAINFESNGNFIAPEYAYKIVKKG,6IUV_C,VQLVQSGAEVKETGESLNISCKVSGNNFPSYYISWVRQMPGNGLEWMGRIDPSDSDTNYRPSFQGHVTISADKSTSTAYLQWRSLKASDTAMYYCARRATYYYGSGSYFDAFDIWGQGTMVTVSSASTKGPSVFPLAPSSKSTSGGTAALGCLVKDYFPEPVTVSWNSGALTSGVHTFPAVLQSSGLYSLSSVVTVPSSSLGTQTYICNVNHKPSNTKVDKKVE,1
3X3F_A,SSPSEGLCPPGHHISEDGRDCISCKYGQDYSTHWNDLLFCLRCTRCDSGEVELSPCTTTRNTVCQCEEGTF,3X3F_H,QVQLVQSGAEMKKPGASVKVSCKTSGYTFTNYKINWVRQAPGQGLEWMGWMNPDTDSTGYPQKFQGRVTMTRNTSISTAYMELSSLRSEDTAVYYCARSYGSGSYYRDYYYGMDVWGQGTTVTVSSASTKGPSVFPLAPCSESTAALGCLVKDYFPEPVTVSWNSGALTSGVHTFPAVLQSSGLYSLSSVVTVPSSSLGTKTYTCNVDHKPSNTKVDKRVES,1
1ZA3_R,SSPSEGLCPPGHHISEDGRDCISCKYGQDYSTHWNDLLFCLRCTRCDSGEVELSPCTTTRNTVCQCEEGTFREEDSPEMCRKCDCTPWSDI,1ZA3_H,EVQLVESGGGLVQPGGSLRLSCAASGFSIYSYSIHWVRQAPGKGLEWVASISPYSGYTSYADSVKGRFTISADTSKNTAYLQMNSLRAEDTAVYYCSRYSSYYSYYYSSSSYSYAMDYWGQGTLVTVSSASTKGPSVFPLAPSGTAALGCLVKDYFPEPVTVSWNSGALTSGVHTFPAVLQSSGLYSLSSVVTVPSSSLGTQTYICNVNHKPSNTKVDKKVEPK,1
4OD2_S,SSPSEGLCPPGHHISEDGRDCISCKYGQDYSTHWNDLLFCLRCTRCDSGEVELSPCTTTRNTVCQCEEGTFRPEMCRKCRTGCPRGMDCTPWSDIEC,4OD2_B,EVQLVQSGGGVERPGGSLRLSCAASGFTFDDYAMSWVRQAPGKGLEWVSGINWQGGSTGYADSVKGRVTISRDNAKNSLYLQMNSLRAEDTAVYYCAKILGAGRGWYFDYWGKGTTVTVSSASTKGPSVFPLAPTAALGCLVKDYFPEPVTVSWNSGALTSGVHTFPAVLQSSGLYSLSSVVTVPSSSLGTQTYICNVNHKPSNTKVDKKVEPK,1
5DMI_A,TACREKQYLINSQCCSLCQPGQKLVSDCTEFTETECLPCGESEFLDTWNRETHCHQHKYCDPNLGLRVQQKGTSETDTICTCEEGWHCTSEACESCVL,5DMI_H,QIQLVQSGPELKKPGETVRISCKASGYAFTTTGMQWVQEMPGKGLKWIGWINTHSGVPKYVEDFKGRFAFSLETSANTAYLQISNLKNEDTATYFCVRSGNGNYDLAYFAYWGQGTLVTVSAASTKGPSVFPLAPSSKSTSGGTAALGCLVKDYFPEPVTVSWNSGALTSGVHTFPAVLQSSGLYSLSSVVTVPSSSLGTQTYICNVNHKPSNTKVDKKVEPK,1
6PE8_T,TACREKQYLINSQCCSLCQPGQKLVSDCTEFTETECLPCGESEFLDTWNRETHCHQHKYCDPNLGLRVQQKGTSETDTICTCEEGWHCTSEACESCVLHRSCSPGFGVKQIATGVSDTICEPCPVGFFSNVSSAFEKCHPWTSCETKDLVVQQKTDVVC,6PE8_H,EVQLVESGGGLVKPGGSLRLSCAASGFTFSDYGMNWVRQAPGKGLEWIAYISSGRGNIYYADTVKGRFTISRDNAKNSLYLQMNSLRAEDTAVYYCARSWGYFDVWGQGTTVTVSSASTKGPSVFPLAPSGTAALGCLVKDYFPEPVTVSWNSGALTSGVHTFPAVLQSSGLYSLSSVVTVPSSSLGTQTYICNVNHKPSNTKVDKKVEPKS,1
4CNI_C,PHRQPLTSSERIDKQIRYILDGISALRKETCNKSNMCESSKEALAENNLNLPKMAEKDGCFQSGFNEETCLVKIITGLLEFEVYLEYLQNRFESSEEQARAVQMSTKVLIQFLQKKAKNLDAITTPDPTTNASLLTKLQAQNQWLQDMTTHLILRSFKEFLQSSLRALRQM,4CNI_H,EVQLVESGGGLVQPGGSLRLSCAASGFNFNDYFMNWVRQAPGKGLEWVAQMRNKNYQYGTYYAESLEGRFTISRDDSKNSLYLQMNSLKTEDTAVYYCARESYYGFTSYWGQGTLVTVSSASTKGPSVFPLAPCSRSTSESTAALGCLVKDYFPEPVTVSWNSGALTSGVHTFPAVLQSSGLYSLSSVVTVPSSSLGTKTYTCNVDHKPSNTKVDKRVE,1
4O9H_A,LTSSERIDKQIRYILDGISALRKETCNKSNNLNLPKMAEKDGCFQSGFNEETCLVKIITGLLEFEVYLEYLQNRSSEEQARAVQMSTKVLIQFLQKKAKNLDAITTPDPTTNASLLTKLQAQNQWLQDMTTHLILRSFKEFLQSSLRALRQM,4O9H_H,EVQLVESGGGLVQPGGSLRLSCAASGFTFSSYRMYWVRQPPGKGLEWVSAISAGGGSTYYGDSVKGRFTISRDNAKNTVYLQMNSLKPEDTAVYYCANRAGWGMGDYWGQGTQVTVSSASTKGPSVFPLAPSSKTAALGCLVKDYFPEPVTVSWNGVHTFPAVLQSSGLYSLSSVVTTYICNVNHKPSNTKVDKKVEPKS,1
6BFQ_K,IQEARRLLNLSRAEMNETVEVISEMFDLQEPTCLQTRLELYKQGLRGSLTKLKGPLTMMASHYKQHCPPTPETSCATQIITFESFKENLKDFLLVIPFDCWE,6BFQ_H,AQLQESGPGVVKPSETLSLTCSVSDSAIRKYYWSWIRQPPGQGLEYIGYIYASGSSFYNPSFKSRVSMSVDATNNQFYLKLTSVTAADTAVYYCAAITGTTDLWGRGTLVTVSSASTKGPSVFPLAPSSKSGGTAALGCLVKDYFPEPVTVSWNSGALTSGVHTFPAVLQSSGLYSLSSVVTVPSSSLGTQTYICNVNHKPSNTKVDKRVEPK,1
5D72_A,TQPWEHVNAIQEARRLLNLSRDTAAEMNETVEVISEMFDLQEPTCLQTRLELYKQGLRGSLTKLKGPLTMMASHYKQHCPPTPETSCATQIITFESFKENLKDFLLVIPFDCWEP,5D72_H,QVQLVESGGGLVQPGGSLRLSCAASGFTFSSYWMNWVRQAPGKGLEWVSGIENKYAGGATYYAASVKGRFTISRDNSKNTLYLQMNSLRAEDTAVYYCARGFGTDFWGQGTLVTVSSASTKGPSVFPLAPSGGTAALGCLVKDYFPEPVTVSWNSGALTSGVHTFPAVLQSSGLYSLSSVVTVPSSSLGTQTYICNVNHKPSNTKVDKKVEPK,1
6U59_A,AAKKWVTVYYGVPVWKEATTTLFCASTEVHNVWATHACVPTDPNPQEIVLGNVTENFNMWKNNMVEQMHEDIISLWDQSLKPCVKLTPLCVTLNCNNVNTNNSDWEKMETGEMKNCSFNVTTSIRDKIKKEYALFYKLDVVPLTNYRLINCNTSVITQACPKVSFEPIPIHYCAPAGFAILKCNSKTFNGSGPCTNVSTVQCTHGIRPVVSTQLLLNGSLAEEEIVIRSENITDNAKTIIVQLNEAVEINCTRPNNNTRKSIHIGPGRAFYATGDIIGNIRQAHCNISKARWNETLGQIVAKLEEQFPNKTIIFNHSSGGDPEIVTHSFNCGGEFFYCNTTPLFNSTWNNTRTDDYPTGGEQNITLQCRIKQIINMWQGVGKAMYAPPIRGQIRCSSNITGLLLTRDGGRDQNGTETFRPGGGNMRDNWRSELYKYKVVKIEPLGIAPTACKRR,6U59_H,LEESGGGLVQPEGSLTLTCKASGFDFSDYHVQWVRQSPGKGLEFIGGIAYTGNIYYASWAKGRFTISKTSSTTVTLQMTTLTAADTATYFCARAYGYASAPYAQYFNLWGPGTLVTVS,1
6CH9_G,AKKWVTVYYGVPVWKEATTTLFCASDAKAYDTEVHNVWATHACVPTDPNPQEIVLGNVTENFNMWKNNMVEQMHEDIISLWDQSLKPCVKLTPLCVTLNCNNVNTNNTGEMKNCSFNVTTSIRDKIKKEYALFYKLDVVPLENITNYRLINCNTSVITQACPKVSFEPIPIHYCAPAGFAILKCNSKTFNGSGPCTNVSTVQCTHGIRPVVSTQLLLNGSLAEEEIVIRSENITDNAKTIIVQLNEAVEINCTRPNNNTRKSIHIGPGRAFYATGDIIGNIRQAHCNISKARWNETLGQIVAKLEEQFPNKTIIFNHSSGGDPEIVTHSFNCGGEFFYCNTTPLFNSTWNNTGEQNITLQCRIKQIINMWQGVGKAMYAPPIRGQIRCSSNITGLLLTRDGGRDQNGTETFRPGGGNMRDNWRSELYKYKVVKIEPLGIAPTACKRRV,6CH9_Q,VQLRESGPGLVKPSETLSLSCTVSQDSRPSDHSWTWVRQSPGKALEWIGDIHYNGATTYNPSLRSRVRIELDQSIPRFSLKMTSMTAADTGMYYCARNAIRIYGVVALGEWFHYGMDVWGQGTAVTVSSASTKGPSVFPLAPSSKSTSGGTAALGCLVKDYFPEPVTVSWNSGALTSGVHTFPAVLQSSGLYSLSSVVTVPSSSLGTQTYICNVNHKPSNTKVDKRVEPKS,1
5C0S_A,DTICIGYHANNSTDTVDTVLEKNVTVTHSVNLGSGLRMVTGLRNIPQAIAGFIEGGWTGMVDGWYGYHHQNEQGSGYAADQKSTQNAINGITNKVNSVIEKMGGDPEWDREINNYTSIIYSLIEESQNQQEIVQQQNNLLRAIEAQQHLLQLTVWGIKQLQTYNAELLVLLENERTLDFHDSNVKNLYEKVKSQLKNNAKEIGNGCFEFYHKCNNECMESVKNGTYDYPKYSEESKLNREKI,5C0S_H,EVQLVESGAEVKKPGSSVKVSCKASGGPFRSYAISWVRQAPGQGPEWMGGIIPIFGTTKYAPKFQGRVTITADDFAGTVYMELSSLRSEDTAMYYCAKHMGYQVRETMDVWGKGTTVTVSSASTKGPSVFPLAPSSKSTSGGTAALGCLVKDYFPEPVTVSWNSGALTSGVHTFPAVLQSSGLYSLSSVVTVPSSSLGTQTYICNVNHKPSNTKVDKRVEP,1
5C0R_A,DTICIGYHANNSTDTVDTVLEKNVTVTHSVNLGWGLRMVTGLRNIPQAIAGFIEGGWTGMVDGWYGYHHQNEQGSGYAADQKSTQNAINGITNKVNSVIEKMGGWMEWDREINNYTSIIYSLIEESQNQQENGIVQQQNNLLRAIEAQQHLLQLTVWGIKQLQTYNAELLVLLENERTLDFHDSNVKNLYEKVKSQLKNNAKEIGNGCFEFYHKCNNECMESVKNGTYDYPKYSEESKLNREKIGYIPEAPRDGQAYVRKDGEWVLLSTF,5C0R_H,EVKLVESGGGLVQPGGSLRLSCGTSGFTLTDDYMTWVRQPPGKALEWLGFIRDRANGYTTEYSASVKGRFTISRDNSQSIVYLQMNTLRVEDSATYYCARPKGYFPYAMDYWGQGTSVIVSSAKTTAPSVYPLAPVCGDTTGSSVTLGCLVKGYFPEPVTLTWNSGSLSSGVHTFPAVLQSDLYTLSSSVTVTSSTWPSQSITCNVAHPASSTKVDKKIEPR,1
5W6D_G,ENLWVTVYYGVPVWKDAETTLFCASDAKAYKKHNVWATHACVPTDPNPQEIHLENVTEEFNMWKNNMVEQMHTDIISLWDQSLKPCVKLTPLCVTLQCTNVAITDGELKNCSFNMTTELRDKRQKVHALFYKLDIVPINENQNTSYRLINCNTAAITQACPKVSFEPIPIHYCAPAGFAILKCKDKKFNGTGPCPSVSTVQCTHGIKPVVSTQLLLNGSLAEEEVMIRSEDIRNNAKNILVQFNTPVQINCTRPNNNTRKSIRIGPGQWFYATGDIIGDIRQAHCNVSKATWNETLGKVVKQLRKHFGNNTIIRFANSSGGDLEVTTHSFNCGGEFFYCDTSGLFNSTWISNDSITLPCRIKQIINMWQRIGQAMYAPPIQGVIRCVSNITGLILTRDGGSTDSTTETFRPSGGDMRDNWRSELYKYKVVKIEPLGVAPTRCKRRVV,5W6D_H,QVQLQESGPGLVKPSETLSLTCSVSGASISDHYWSWIRQSPGKGLEWIGYVYDSGDTNYNPSLKSRVNLSLDTSKNQVSLSLTAVTAADSAIYYCARTQHGRRIYGIVAFREWFTYFYMDVWGQGTPVTVSSASTKGPSVFPLAPSSSGGTAALGCLVKDYFPEPVTVSWNSGALTSGVHTFPAVLQSSGLYSLSSVVTVPSSSLGTQTYICNVNHKPSNTKVDKKVEPKS,1
6DFH_A,NLWVTVYYGVPVWKDAETTLFCASDAKAYETEKHNVWATHECVPTDPNPQEIHLENVTEEFNMWKNNMVEQMHTDIIELWDQSLKPCVKLTPLCVTLQCTNYAPKLRSMMRGEIKNCSFNMTTELRDKKQKVYSLFYRLDVVQINNKEYRLINCNTSAITQACPKVSFEPIPIHYCAPAGFAILKCKDKKFNGTGPCPSVSTVQCTHGIKPVVSTQLLLNGSLAEEEVIIRSENITNNAKNILVQLNTPVQINCTRPNNNTVKSIRIGPGQAFYYFGDVLGDVRMAHCNISKATWNETLGKVVKQLRKHFGNNTIIRFAQSSGGDLEVTTHSFNCGGEFFYCNTSGLFNSTWISDSLILPCRIKQIINMWQRIGQAMYAPPIQGVIRCVSNITGLILTRDSTTETFRPGGGDMRDNWRSELYKYKVVKIEPLGVAPTRCK,6DFH_H,QVQLQESGPGLVKPSGTLSLTCAVSGGSISSSNWWSWVRQPPGKGLEWIGEIYHSGSTNYNPSLKSRVTISVDKSKNQFSLKLSSVTAADTAVYYCARNAITIFGVVIIGEYYYYGMDVWGQGTTVTV,1
4RWY_A,VWKEATTTLFCASDAKAYDTEVHNVWATHACVPTDPNPQEVKLENVTENFNMWKNNMVEQMHEDIISLWDQSLKPCVKLTGGSVITQACPKVSFEPIPIHYCAPAGFAILKCNDKKFNGTGPCTNVSTVQCTHGIRPVVSTQLLLNGSLAEEEIVIRSENFTNNAKTIIVQLNESVVINCTRPNNDIRQAHCNLSKTQWENTLEQIAIKLKEQFGNNKTIIFNPSSGGDPEIVTHSFNCGGEFFYCNSTQLFTWNGRNITLPCRIKQIINMWQEVGKAMYAPPIRGQIRCSSNITGLLLTRDGGKDTNGTEIFRPGGGDMRDNWRSELYKYKVVKIE,4RWY_H,QGQLVQSGGGLKKPGTSVTISCLASEYTFNEFVIHWIRQAPGQGPLWLGLIKRSGRLMTAYNFQDRLSLRRDRSTGTVFMELRGLRPDDTAVYYCARDGLGEVAPDYRYGIDVWGQGSTVIVTSASTKGPSVFPLAPSSKSTSGGTAALGCLVKDYFPEPVTVSWNSGALTSGVHTFPAVLQSSGLYSLSSVVTVPSSSLGTQTYICNVNHKPSNTKVDKKAEPKSC,1
4XVS_G,VWKEATATLFCASDAKAYETEVHNVWATHACVPTDPNPQEVVLENVTENFNMWKNNMVEQMHEDIISLWDQSLKPCVKLTGGSVITQACPKISFEPIPIHYCAPAGFAILKCNDKKFNGTGPCTNVSTVQCTHGIRPVVSTQLLLNGSLAEEEIVIRSENIKDNAKIIIVQLNETVEINCTRPNNGDIRQAHCNISKAKWENTLKQIARKLREHFKNETIAFNQSSGGDPEIVMHSFNCGGEFFYCNSTQLFNSTWTWNNINITLPCRIKQIINMWQEVGKAMYAPPIKGQIRCSSNITGLLLTRDGGSSTNGTTETFRPGGGDMRDNWRSELYKYKVVKIE,4XVS_H,QVQLLQSGAQVKKTGASMRISCKTSGYTFLNCPINWVRQAPGRGLEWMGWMKPRGGAVNYPQKFQGRVTMTRDMSTDTAFLDMSNLRSDDTAVYFCARGKYCTASDYYNWDFEHWGRGTLVTVSSPATKGPSVFPLAPSSKSTSGGTAALGCLVKDYFPEPVTVSWNSGALTSGVHTFPAVLQSSGLYSLSSVVTVPSSSLGTQTYICNVNHKPSNTKVDKKVEPKSC,1
3HI1_G,TENFNMWKNNMVEQMHEDIISLWDQSLKPCVKLTGGSVITQACPKVSFEPIPIHYCAPAGFAILKCNDKKFNGTGPCTNVSTVQCTHGIRPVVSTQLLLNGSLAEEEIVIRSENFTNNAKTIIVQLNESVVINCTRPNNRQAHCNLSKTQWENTLEQIAIKLKEQFGNNKTIIFNPSSGGDPEIVTHSFNCGGEFFYCNSTQLFTWNDRNITLPCRIKQIINMWQEVGKAMYAPPIRGQIRCSSNITGLLLTRDGGKDTNGTEIFRPGGGDMRDNWRSELYKYKVVKIE,3HI1_H,QVQLQESGPGLVKPSETLSLTCTVSGGSISSHYWSWIRQSPGKGLQWIGYIYYSGSTNYSPSLKSRVTISVETAKNQFSLKLTSMTAADTAVYYCARGPVPAVFYGDYRLDPWGQGTLVTVSSASTKGPSVFPLAPSSKSTSGGTAALGCLVKDYFPEPVTVSWNSGALTSGVHTFPAVLQSSGLYSLSSVVTVPSSSLGTQTYICNVNHKPSNTKVDKKVEPKS,1
3HI1_G,TENFNMWKNNMVEQMHEDIISLWDQSLKPCVKLTGGSVITQACPKVSFEPIPIHYCAPAGFAILKCNDKKFNGTGPCTNVSTVQCTHGIRPVVSTQLLLNGSLAEEEIVIRSENFTNNAKTIIVQLNESVVINCTRPNNRQAHCNLSKTQWENTLEQIAIKLKEQFGNNKTIIFNPSSGGDPEIVTHSFNCGGEFFYCNSTQLFTWNDRNITLPCRIKQIINMWQEVGKAMYAPPIRGQIRCSSNITGLLLTRDGGKDTNGTEIFRPGGGDMRDNWRSELYKYKVVKIE,4XVS_H,QVQLLQSGAQVKKTGASMRISCKTSGYTFLNCPINWVRQAPGRGLEWMGWMKPRGGAVNYPQKFQGRVTMTRDMSTDTAFLDMSNLRSDDTAVYFCARGKYCTASDYYNWDFEHWGRGTLVTVSSPATKGPSVFPLAPSSKSTSGGTAALGCLVKDYFPEPVTVSWNSGALTSGVHTFPAVLQSSGLYSLSSVVTVPSSSLGTQTYICNVNHKPSNTKVDKKVEPKSC,1
6IAP_A,TLPKPFIWAEPHFMVPKEKQVTICCQGNYGAVEYQLHFEGSLFAVDRPKPPERINKVKFYIPDMNSRMAGQYSCIYRVGELWSEPSNLLDLVVTEMYDTPTLSVHPGPEVISGEKVTFYCRLDTATSMFLLLKEGRSSHVQRGYGKVQAEFPLGPVTTAHRGTYRCFGSYNNHAWSFPSEPV,6IAP_H,QVQLVQSGAEVKKPGSSVKVSCKASGYTFSDYVINWVRQAPGQGLEWMGEIYPGSGTNYYNEKFKAKATITADKSTSTAYMELSSLRSEDTAVYYCARRGRYGLYAMDYWGQGTTVTVSSASTKGPSVFPLAPSSKSTSGGTAALGCLVKDYFPEPVTVSWNSGALTSGVHTFPAVLQSSGLYSLSSVVTVPSSSLGTQTYICNVNHKPSNTKVDKRVEP,1
1ORQ_C,IGDVMEHPLVELGVSYAALLSVIVVVVECTMQLSGEYLVRLYLVDLILVIILWADYAYRAYKSGDPAGYVKKTLYEIPALVPAGLLALIEGHLAGLGLFRLVRLLRFLRILLIISRGSKFLSAIADAADKIRFYHLFGAVMLTVLYGAFAIYIVEYPDPNSSIKSVFDALWWAVVTATTVGYGDVVPATPIGKVIGIAVMLTGISALTLLIGTVSNMFQKILV,1ORQ_B,DVQLQESGPGLVKPSQSLSLTCTVTGYSITSLYAWNWIRQFPGNKLEWMGYINYSGYTSYNPSLKSRISITRDTSKNQFFLQLHSVTTEDTATYSCTRGVDYFAMDYWGQGASVTVSSAKTTAPSVYPLAPVCGDTTGSSVTLGCLVKGYFPEPVTLTWNSGSLSSGVHTFPALLQSDLYTLSSSVTVTSNTWPSQSITCNVAHPASSTKVDKKIVPRD,1
1ORS_C,DVMEHPLVELGVSYAALLSVIVVVVEYTMQLSGEYLVRLYLVDLILVIILWADYAYRAYKSGDPAGYVKKTLYEIPALVPAGLLALIEGHLAGLGLFRLVRLLRFLRILLIISRGSKFLSAIADAADKLVPR,1ORS_B,DVQLQESGPGLVKPSQSLSLTCTVTGYSITNNYAWNWIRQFPGNKLEWMGYINYSGTTSYNPSLKSRISITRDTSKNQFFLQLNSVTTEDTATYFCVRGYDYFAMDYWGQGTSVTVSSAKTTPPSVYPLAPGSAAQTNSMVTLGCLVKGYFPEPVTVTWNSGSLSSGVHTFPAVLQSDLYTLSSSVTVPSSTWPSETVTCNVAHPASSTKVDKKIVPRDCG,1
5D1Z_J,NNTYPILNQELREAIKNPAIKDKDHSAPNSRPIDFEMKKKDGTQQFYHYASSVKPARVIFTDSKPEIELGLQSGQFWRKFEVYEGDKKLPIKLVSYDTVKDYAYIRFSVSNGTKAVKIVSSTHFNNKEEKYDYTLMEFAQPIYNSADKF,5D1Z_F,QVQLQESGPGLVKPSETLSLICTVSGGSISSSSYYWGWIRQTPERNLEWIGIIYFSGTTYYNPSLQSRVSMSLDRSTNRFSLRLSSVTAADTAIYYCAKPKSRDRGGPGDDYFGMDVWGQGIMVTVSSASTKGPSVFPLAPSGGTAALGCLVKDYFPEPVTVSWNSGALTSGVHTFPAVLQSSGLYSLSSVVTVPSSSLGTQTYICNVNHKPSNTKVDKKVEP,1
6MEJ_C,PGAKQNIQLINTNGSWHLNRTALNCNDSLNTGWLAGLFYHHKFNSSGCPERMASCRPLTDFDQGWGPISHANGSGPDQRPYCWHYPPRPCGIVPAKTVCGPVYCFTPSPVVVGTTDRAGAPAYNWGENDTDVFVLNNTRPPLGNWFGCTWMNSTGFTKACGAPPCAILYCPTDCFRKHPEATYSRCGSGPWITPRCLVDYPYRLWHYPCTINYTVFKIRMYVGGVEHRLEAACN,3L95_B,EVQLVESGGGLVQPGGSLRLSCAASGFTFSSYWIHWVRQAPGKGLEWVARINPPNRSNQYADSVKGRFTISADTSKNTAYLQMNSLRAEDTAVYYCARGSGFRWVMDYWGQGTLVTVSSASTKGPSVFPLAPSSKSTSGGTAALGCLVKDYFPEPVTVSWNSGALTSGVHTFPAVLQSSGLYSLSSVVTVPSSSLGTQTYICNVNHKPSNTKVDKKVEPK,0
6ION_A,LECYSCVQKADDGCSPNKMKTVKCAPGVDVCTEAVGAVETIHGQFSLAVRGCGSGLPGKNDRGLDLHGLLAFIQLQQCAQDRCNAKLNPPNGVECYSCVGLSREACQGTSPPVVSCYNASDHVYKGCFDGNVTLTAANVTVSLPVRGCVQDEFCTRDGVTGPGFTLSGSCCQGSRCNSDLRNKTY,6JHQ_D,EVKLVESGGGLVKPGGSLKLSCAASLFTHNNYGMSWVRQTPEKRLEWVATINSTASYTYYPDSVKGRFTISRDNAKNTLYLQMSSLRSGDTAIYYCARKNDTFSDYYFDYWGQGTTLTVSSPKTTPPSVYPLAPAAASMVTLGCLVKGYFPEPVTVTWNSGSLSSGVHTFPAVLQSDLYTLSSSVTVPSSTWPSETVTCNVAHPASSTKVDKKIVPR,0
6JHQ_C,MMRNETRVSTTENVVNLSNYEDARAKMSFALDQEDWKSDPSQGGGIKITHFTTWTSIPTLAAQFPFNASDSVGQQIKVIPVDPYFFQMTNTNPDQKCITALASICQMFCFWRGDLVFDFQVFPTKYHSGRLLFCFVPGNELIDVTGITLKQATTAPCAVMDIAGVQSTLRFRVPWISDTPYRVNRYTKEAHQKGEYTAIGKLIVYCYNRLTSPSNVAHHVRVNVYLSAINLECFAPLYHAMDVTTQ,6ION_H,VTLKESGPGILQPSQTLSLTCSFSGFSLNSFGTGVGWIRQPSGKGLEWLAHIWWNDYKYYNAALESRLTISKDTSNNQVFLKIASVDTADTATYYCARLRLRYFDYWGQGTTLTVSSAKTTPPSVYPLAPMVTLGCLVKGYFPEPVTVTWNSGSLSSGVHTFPAVLQSDLYTLSSSVTVPSSTWPSETVTCNVAHPASSTKVDKKIVP,0
6IAP_A,TLPKPFIWAEPHFMVPKEKQVTICCQGNYGAVEYQLHFEGSLFAVDRPKPPERINKVKFYIPDMNSRMAGQYSCIYRVGELWSEPSNLLDLVVTEMYDTPTLSVHPGPEVISGEKVTFYCRLDTATSMFLLLKEGRSSHVQRGYGKVQAEFPLGPVTTAHRGTYRCFGSYNNHAWSFPSEPV,2QQN_H,EVQLVESGGGLVQPGGSLRLSCAASGFTFSSYAMSWVRQAPGKGLEWVSQISPAGGYTNYADSVKGRFTISADTSKNTAYLQMNSLRAEDTAVYYCARGELPYYRMSKVMDVWGQGTLVTVSSASTKGPSVFPLAPSSGGTAALGCLVKDYFPEPVTVSWNSGALTSGVHTFPAVLQSSGLYSLSSVVTVPSSSLGTQTYICNVNHKPSNTKVDKKVEPKSCDKTH,0
4OKV_F,KYSKIKECFDSLADDVKSLVEKSETSYEECSKDKNNPHCGSEGTRELDEGLIEREQKLSDCIVEKR,5KEM_B,QVQLVQSGAELKPPGASVKVSCKPSGYTFTDYYIHWVRQAPGQGLEWMGWINPKSGETHYAQKFRGWVTLTRDTSISTTYMDLTRLKSDDTAVYFCARGDLETTIFFYNAVDVWGQGTLVT,0
5KEM_A,CRDKLSSTNQLRSVGLNLEGNGVATDVPSATKRWGFRSGVPPKVVNYEAGEWAENCYNLEIKKPDGSECLPAAPDGIRGFPRCRYVHKVSGTGPCAGDFAFHKEGAFFLYDRLASTVIYRGTTFAEGVVAFLILPQAKKDFFSSHPLREPVNATEDPSSGYYSTTIRYQATGFGTNETEYLFEVDNLTYVQLESRFTPQFLLQLNETIYTSGKRSNTTGKLIWKVNPEIDTT,4OKV_A,QVQLQQPGAELVRPGASVKLSCKASGYTFTSYWMNWVKQRPGQGLEWIGLIDPSDSETHYNQMFKDKATLTVDKSSSTAYMQLSSLTSEDSAVYYCARGGTYWGQGTTLTVSAAKTTPPSVYPLAPGSAAQTNSMVTLGCLVKGYFPEPVTVTWNSGSLSSGVHTFPAVLQSDLYTLSSSVTVPSSTWPSETVTCNVAHPASSTKVDKKIVPRD,0
6WOQ_F,HINSTALNCNEIVPAKSVCGPVYCFTPSPVVVGTTDRSGAPTYSWGANDTDVFVLNNTRPPLGNWFGCTWMNSTGFTKVGPWITPRCMVDYPYRLWHYPCTINYTIFKVRMYVGGVEHRLEAACN,4YWG_I,QVQLQQWGPGLLKPSETLSLTCAVYGGSFGRYYWSWIRQSSGEGLEWLGQIDHTGSTTYNPSLKGRVTISIDSSTNQFSLKVTSVIAADTAVYYCARAPSGYPGVSLYQYYGLDVWGQGTTVTVSSASTKGPSVFPLAPSSKSTSGGTAALGCLVKDYFPEPVTVSWNSGALTSGVHTFPAVLQSSGLYSLSSVVTVPSSSLGTQTYICNVNHKPSNTKVDKKVEP,0
6Q20_A,VEYRNWSKPQCQITGFAPFSKDNSIRLSAGGDIWVTREPYVSCDPGKCYQFALGQGTTLDNKHSNGTIHDRIPHRTLLMNELGVPFHLGTKQVCVAWSSSSCHDGKAWLHVCVTGDDRNATASFIYDGRLVDSIGSWSQNILRTQESECVCINGTCTVVMTDGSASGRADTRILFIKEGKIVHISPLSGSAQHIEECSCYPRYPDVRCICRDNWKGSNRPVIDINMEDYSIDSSYVCSGLVGDTPRNDDSSSNSNCRDPNNERGNPGVKGWAFDNGDDVWMGRTISKDSRSGYETFKVIGGWSTPNSKSQVNRQVIVDNNNWSGYSGIFSVEGKSCINRCFYVELIRGRPQETRVWWTSNSIVVFCGTSGTYGTGSWPDGANINFMPI,5W42_H,QVQLVQSGAEVKKPGSSVRVSCKASGDTFSSYSITWVRQAPGHGLQWMGGIFPIFGSTNYAQKFDDRLTITTDDSSRTVYMELTSLRLEDTAVYYCARGASKVEPAAPAYSDAFDMWGQGTLVTVSSASTKGPSVFPLAPSSGTAALGCLVKDYFPEPVTVSWNSGALTSGVHTFPAVLQSSGLYSLSSVVTVPSSSLGTQTYICNVNHKPSNTKVDKRVEPKSCHH,0
5W42_A,NSMATLCLGHHAVPNGTLVKTITDDQIEVTNATELVQSSSTGRICNSPHQILDGKNCTLIDALLGDPHCDDFQNKEWDLFVERSTAYSNCYPYYVPDYATLRSLVASSGNLEFTQESFNWTGVAQDGSSYACRRGSVNSFFSRLNWLYNLNYKYPEQNVTMPNNDKFDKLYIWGVHHPGTDKDQTNLYVQASGRVIVSTKRSQQTVIPNIGSRPWVRGVSSIISIYWTIVKPGDILLINSTGNLIAPRGYFKIQSGKSSIMRSDAHIDECNSECITPNGSIPNDKPFQNVNKITYGACPRYVKQNTLKLATGMRNVPEK,6Q20_H,EVQLVESGGRVVRPGGSLRLSCAASGFTFDDYGMSWVRQPPGKGLEFVSGLNWNGDITAFTDSVKGRFTISRDNVKSSLYLQMNSLRADDTAFYYCARVRTWGDYTTGEEIINSWYFDLWGRGTLVTVSSASTKGPSVFPLAPSSKGTAALGCLVKDYFPEPVTVSWNSGALTSGVHTFPAVLQSSGLYSLSSVVTVPSSSLGTQTYICNVNHKPSNTKVDKRVEPK,0
4RX4_G,WKEAETTLFCASDAKAYETEKHNVWATHACVPTDPNPQEIHLENVTEEFNMWKNNMVEQMHTDIISLWDQSLKPCVKLTACPKVTFEPIPIHYCAPAGFAILKCKDEEFNGIGPCKNVSTVQCTHGIKPVVSTQLLLNGSLAEKEVKIRCENITNNAKTIIVQLVNPVKINCTRPDIRQAHCNVNRTEWNNTLHQVVEQLRKHFNKTINFANSTGGDLEITTHSFNCGGEFFYCNTTNLFNSTWNTIILPCRIKQIINMWQRVGQAMYAPPIRGVIRCESNITGLILTRDGGNTNSTRETFRPGGGDMRDNWRSELYKYKVVKIE,3MXW_H,QVQLQQSGPELVRPGVSVKISCKGSGYTFIDEALHWVKQSHAESLEWIGVIRPYSGETNYNQKFKDKATMTVDISSSTAYLELARLTSEDSAIYYCARDWERGDFFDYWGQGTLVTVSSASTKGPSVFPLAPSSKSTSGGTAALGCLVKDYFPEPVTVSWNSGALTSGVHTFPAVLQSSGLYSLSSVVTVPSSSLGTQTYICNVNHKPSNTKVDKKVEPK,0
6IAP_A,TLPKPFIWAEPHFMVPKEKQVTICCQGNYGAVEYQLHFEGSLFAVDRPKPPERINKVKFYIPDMNSRMAGQYSCIYRVGELWSEPSNLLDLVVTEMYDTPTLSVHPGPEVISGEKVTFYCRLDTATSMFLLLKEGRSSHVQRGYGKVQAEFPLGPVTTAHRGTYRCFGSYNNHAWSFPSEPV,6OGX_C,EVQLVQSGAEVKKPGASVKVSCKASGYTFTDSYMSWVRQAPGQGLEWIGDMYPDNGDSSYNQKFRERVTITRDTSTSTAYLELSSLRSEDTAVYYCVLAPRWYFSVWGQGTLVTVSSASTKGPSVFPLAPSSKSTSGGTAALGCLVKDYFPEPVTVSWNSGALTSGVHTFPAVLQSSGLYSLSSVVTVPSSSLGTQTYICNVNHKPSNTKVDKKVEPK,0
3VRL_C,SILDIKQGPKESFRDYVDRFFKTLRAEQCTQDVKNWMTDTLLVQNANPDCKTILRALGPGATLEEMMTACQGV,3L5W_B,QVTLKESGPGILQPSQTLSLTCSFSGFSLSTYGMGVGWIRQPSGKGLEWLAHIWWDDVKRYNPALKSRLTISKDTSGSQVFLKIASVDTSDTATYYCARMGSDYDVWFDYWGQGTLVTVSAASTKGPSVFPLAPSSKSTSGGTAALGCLVKDYFPEPVTVSWNSGALTSGVHTFPAVLQSSGLYSLSSVVTVPSSSLGTQTYICNVNHKPSNTKVDKKVEP,0
3L5W_J,STALRELIEELVNITQLCNGSMVWSINLTMYCAALESLINVSGCSAIEKTQRMLSGFCPHKVSAKIEVAQFVKDLLLHLKKLFREG,3VRL_H,DVKLVESGGGLVKPGGSLKLSCAASGFTFSSYTMSWVRQTPEKRLEWVAIISSGGSYTYYSDSVKGRFTISRDNAKNTLYLQMSSLKSEDTAMYYCTRDEGNGNYVEAMDYWGQGTSVTVSSAKTTPPSVYPLAPGSAAQTNSMVTLGCLVKGYFPEPVTVTWNSGSLSSGVHTFPAVLQSDLYTLSSSVTVPSSTWPSETVTCNVAHPASSTKVDKKIVPR,0
4JM2_E,VTEHFNMWKNNMVEQMQEDIISLWDQSLKPCVKLTPLCVGSGSCDTSVITQACPKISFEPIPIHYCAPAGFAILKCNDKTFNGKGPCKNVSTVQCTHGIRPVVSTQLLLNGSLAEEEVVIRSDNFTNNAKTIIVQLKESVEINCTRPNNNTIGDIRQAHCNISRAKWNDTLKQIVIKLREQFENKTIVFNHSSGGDPEIVMHSFNCGGEFFYCNSTQLFNSTWNNNTEGSNNTEGNTITLPCRIKQIINMWQEVGKAMYAPPIRGQIRCSSNITGLLLTRDGGINENGTEIFRPGGGDMRDNWRSELYKYKVVKI,4DTG_H,EVQLVESGGGLVKPGGSLRLSCAASGFTFSNYAMSWVRQTPEKRLEWVATISRSGSYSYFPDSVQGRFTISRDNAKNSLYLQMNSLRAEDTAVYYCARLGGYDEGDAMDSWGQGTTVTVSSASTKGPSVFPLAPCSRSTSESTAALGCLVKDYFPEPVTVSWNSGALTSGVHTFPAVLQSSGLYSLSSVVTVPSSSLGTKTYTCNVDHKPSNTKVDKRVES,0
6UYG_E,HINRTALNCNDSLQTGFITSLFYAKNVDRPCDVVSARTVCGPVYCFTPSPVVVGTTDKLGIPTYNWGENETDVFMLESLRPPTGGWFGCTWMNSTGFTKTCPWITPRCLVDYPYRLWHYPCTVNFTLHKVRMFVGGIEHRFDAACN,3SKJ_H,EVQLLESGGGLVQPGGSLRLSCAASGFTFSHYMMAWVRQAPGKGLEWVSRIGPSGGPTHYADSVKGRFTISRDNSKNTLYLQMNSLRAEDTAVYYCAGYDSGYDYVAVAGPAEYFQHWGQGTLVTVSSASTKGPSVFPLAPSSKGGTAALGCLVKDYFPEPVTVSWNSGALTSGVHTFPAVLQSSGLYSLSSVVTVPSSSLGTQTYICNVNHKPSNTKVDKRVEPKSC,0
6MLK_A,SALRDGYRQAGVSGRVRSYLDLLAGLSDFREHFDGFSLDLVDMGPGEVTVICCAGTAAISGPHEFTRLAGALRGIAPVRAVPQPGYEEGEPLPSSMAAVAAVQADAVIRTQKPFVVAGHSAGALMAYALATELLDRGHPPRGVVLIDVYPPGHQDAMNAWLEELTATLFDRETVRMDDTRLTALGAYDRLTGQWRPRETGLPTLLVSAGEPMGPWPDDSWKPTWPFEHDTVAVPGDHFTMVQEHADAIARHIDAWLG,2XTJ_D,QVQLVQSGAEVKKPGSSVKVSCKASGGTFNSHAISWVRQAPGQGLEWMGGINPILGIANYAQKFQGRVTITADESTSTAYMELSSLRSEDTAVYYCARHYEIQIGRYGMNVYYLMYRFASWGQGTLVTVSS,0
2XTJ_A,PWNSLVEVYLLDTSIQSDHREIEGRVMVTDFENVPEEDQASKCDSHGTHLAGVVSGRDAGVAKGASMRSLRVLNCQGKGTVSGTLIGLEFIRKSQLVQPVGPLVVLLPLAGGYSRVLNAACQRLARAGVVLVTAAGNFRDDACLYSPASAPEVITVGATNAQDQPVTLGTLGTNFGRCVDLFAPGEDIIGASSDCSTCFVSQSGTSQAAAHVAGIAAMMLSAEPELTLAELRQRLILFSAKD,6MLK_H,VQLQQWGAGLLKPSETLSLTCAVYGGSFSGYYWSWIRQPPGKGLEWIGEINHSGSTNYNPSLKSRVTISVDTSKNQFSLKLSSVTAADTAVYYCARGLGYSGSYYAPNWGQGTLVTVSSASTKGPSVFPLAPSSTAALGCLVKDYFPEPVTVSWNSGALTSGVHTFPAVLQSSGLYSLSSVVTVPSSSLGTQTYICNVNHKPSNTKVDKKVEP,0
6IUV_B,PLILRDCSVAGWLLGNPMCDEFINVPEWSYIVEKASPANDLCYPGNFNDYEELKHLLSRINHFEKIQIIPKSSWSNHDASSGVSSACPYLGRSSFFRNVVWLIKKNSAYPTIKRSYNNTNQEDLLVLWGIHHPNDAAEQTKLYQNPTTYISVGTSTLNQRLVPEIATRPKVNGQSGRMEFFWTILKPNDAINFESNGNFIAPEYAYKIVKKG,5NMV_H,QVQLKQSGPGLVQPSQSLSITCTVSGFSLTNYGVHWVRQSPGKGLEWLAVIWRGGSIDYNAAFMSRLSITKDNSKSQVFFKMNSLQADDTAIYYCAKNSHGNYVGYAMDYWGQGTSVTVSSASTKGPSVFPLAPCSRSTSESTAALGCLVKDYFPEPVTVSWNSGALTSGVHTFPAVLQSSGLYSLSSVVTVPSSSLGTKTYTCNVDHKPSNTKVDKRVES,0
5NMV_K,ELPPLKLMHSFCAFKADDGPCKAIMKRFFFNIFTRQCEEFIYGGCEGNQNRFESLEECKKMCT,6IUV_C,VQLVQSGAEVKETGESLNISCKVSGNNFPSYYISWVRQMPGNGLEWMGRIDPSDSDTNYRPSFQGHVTISADKSTSTAYLQWRSLKASDTAMYYCARRATYYYGSGSYFDAFDIWGQGTMVTVSSASTKGPSVFPLAPSSKSTSGGTAALGCLVKDYFPEPVTVSWNSGALTSGVHTFPAVLQSSGLYSLSSVVTVPSSSLGTQTYICNVNHKPSNTKVDKKVE,0
6UYG_E,HINRTALNCNDSLQTGFITSLFYAKNVDRPCDVVSARTVCGPVYCFTPSPVVVGTTDKLGIPTYNWGENETDVFMLESLRPPTGGWFGCTWMNSTGFTKTCPWITPRCLVDYPYRLWHYPCTVNFTLHKVRMFVGGIEHRFDAACN,4J6R_H,VQFVQSGAEVKKPGASVRVSCEASGYSFTDYVLQWIRQAPGQRPEWMGWIKPERGAVSYAPQFQGRLTLTRDLYTETAYMHFKNLRSDDTAIYYCARGVRRDASWWLQFWGQGTLVTVSSASTKGPSVFPLAPSSKSTSGGTAALGCLVKDYFPEPVTVSWNSGALTSGVHTFPAVLQSSGLYSLSSVVTVPSSSLGTQTYICNVNHKPSNTKVDKKVEPK,0
4J6R_G,VWRDADTTLFCASDAKAYETEKHNVWATHACVPTDPNPQEIHLDNVTEKFNMWKNNMVEQMHTDIISLWDQSLKPCVKLTGGSAITQACPKVSFEPIPIHYCTPAGFAILKCKDEGFNGTGLCKNVSTVQCTHGIKPVVSTQLLLNGSLAEKNITIRSENITNNAKIIIVQLVQPVTIKCIRDIRQAHCNVTRSRWNKTLQEVAEKLRTYFGNKTIIFANSSGGDLEITTHSFNCGGEFFYCNTSGLFNSTWYVNSTWNDTNDTITLPCRIKQIINMWQRAGQAMYAPPIPGVIKCESNITGLLLTRDGGKDNNVNETFRPGGGDMRDNWRSELYKYKVVEIE,6UYG_H,LEQSGAEVKTPGSSVRVSCFNSYSINWVRQAPGHGLEWVGTFIPMFGTSKYAQKFQGRVTITATAYMDLNSLRSDDTAFYYCVRPETPRYCSGGFCYGEFDNWGQGTLVTVSSASTKGPSVFPLAPALGCLVKDYFPEPVTVSWNSGALTSGVHTFPAVLQSSGLYSLSSVVTVPSSSLGTQTYICNVNHKPSNTKVDKKVEPK,0
2R56_B,TQTMKGLDIQKVAGTWYSLAMAASDISLLDAQSAPLRVYVEELKPTPEGDLEILLQKWENGECAQKKIIAEKTKIPAVFKIDALNENKVLVLDTDYKKYLLFCMENSAEPEQSLACQCLVRTPEVDDEALEKFDKALKALPMHIRLSFNPTQLEEQCHI,5USH_D,LQLQESGPGLVKPSETLSLTCTISGDSISSNNYYWGWIRQPPGKGLEWIGSIYYSGSTYYNPSLKSRVTISVDTSKNQFSLKLSSVTAADTAVYYCARHRRVLLWFGEFQLWGQGTLVTVSSASTKGPSVFPLAPSTAALGCLVKDYFPEPVTVSWNSGALTSGVHTFPAVLQSSGLYSLSSVVTVPSSSLGTQTYICNVNHKPSNTKVDKKVEPK,0
5USH_A,QQLSPINIETKKAISNARLKPLDIHYNESKPTTIQNTGKLVRINFKGGYISGGFLPNEYVLSSLHIYWGKEDDYGSNHLIDVYKYSGEINLVHWNKKKYSSYEEAKKHDDGLIIISIFLQVLDHKNVYFQKIVNQLDSIRSANTSAPFDSVFYLDNLLPSKLDYFTYLGTTINHSADAVWIIFPTPINIHSDQLSKFRTLLSYITENYRNPYKLNDDTEVYYS,2R56_I,QVSLRESGGGLVQPGRSLRLSCTASGFTFRHHGMTWVRQAPGKGLEWVASLSGSGTKTHFADSVKGRFTISRDNSNNTLYLQMDNVRDEDTAIYYCAKAKRVGATGYFDLWGRGTLVTVSSASTKGPSVFPLAPSSKSTSGGTAALGCLVKDYFPEPVTVSWNSGALTSGVHTFPAVLQSSGLYSLSSVVTVPSSSLGTQTYICNVNHKPSNTKVDKKAEP,0
6A3W_L,SNCPAGTFCSPCPPNSFSSAGGQRTCDICRQCKGVFRTRKECSSTSNAECDCTPGFHCLGAGCSMCEQDCKQGQELTKKGCKDCCFGTFNDQKRGICRPWTNCSLKSVLVNGTKERDVVC,4G80_G,EVQLVESGGGLVQPGGSLRLSCAASGFNVYYSSIHWVRQAPGKGLEWVAYISPSSGSTYYADSVKGRFTISADTSKNTAYLQMNSLRAEDTAVYYCARKQYSYWRDSYWAMDYWGQGTLVTVSSASTKGPSVFPLAPSSSGGTAALGCLVKDYFPEPVTVSWNSGALTSGVHTFPAVLQSSGLYSLSSVVTVPSSSLGTQTYICNVNHKPSNTKVDKKVEP,0
4G80_I,QFRVRAVIDHLGMRVFGVFLIFLDIILMIIDLSLPGKSESSQSFYDGMALALSCYFMLDLGLRIFAYGPKNFFTNPWEVADGLIIVVTFVVTIFYTVLDEYVQETGADGLGRLVVLARLLRVVRLARIFYSHQQMKASS,6A3W_J,EVQLVQSGAEVKKPGESLRISCKGSGYSFSTYWISWVRQMPGKGLEWMGKIYPGDSYTNYSPSFQGQVTISADKSISTAYLQWSSLKASDTAMYYCARGYGIFDYWGQGTLVTVSS,0
6IAP_A,TLPKPFIWAEPHFMVPKEKQVTICCQGNYGAVEYQLHFEGSLFAVDRPKPPERINKVKFYIPDMNSRMAGQYSCIYRVGELWSEPSNLLDLVVTEMYDTPTLSVHPGPEVISGEKVTFYCRLDTATSMFLLLKEGRSSHVQRGYGKVQAEFPLGPVTTAHRGTYRCFGSYNNHAWSFPSEPV,3LH2_J,VQLVQSGAEVKRPGSSVTVSCKASGGSFSTYALSWVRQAPGRGLEWMGGVIPLLTITNYAPRFQGRITITADRSTSTAYLELNSLRPEDTAVYYCAREGTTGAGWLGKPIGAFAHWGQGTLVTVS,0
3LH2_U,LTEYTLQANWFDITGILWLLGQVDGKIINSDVQAFVLLRVALPAAKVAEFSAKLADFSGGSLQLLAIE,6IAP_H,QVQLVQSGAEVKKPGSSVKVSCKASGYTFSDYVINWVRQAPGQGLEWMGEIYPGSGTNYYNEKFKAKATITADKSTSTAYMELSSLRSEDTAVYYCARRGRYGLYAMDYWGQGTTVTVSSASTKGPSVFPLAPSSKSTSGGTAALGCLVKDYFPEPVTVSWNSGALTSGVHTFPAVLQSSGLYSLSSVVTVPSSSLGTQTYICNVNHKPSNTKVDKRVEP,0
1RJL_C,TVEIKEGTVTLKREIEKDGKVKVFLNDTAGSNKKTGKWEDSTSTLTISADSKKTKDLVFLTDGTITVQQYNTAGTSLEGSASEIKNLSELKNALK,5NJ6_H,EVILVESGGGLVKPGGSLKLSCAASGFTFSSYAMSWVRQTPEKRLEWVATISGIGSYTYYPDSVKGRFTISRDNAKNTLYLQMSSLRSEDTAMYYCSRQDYYGSSYDYWGQGTTLTVSSAKTTAPSVYPLAPVCGDTTGSSVTLGCLVKGYFPEPVTLTWNSGSLSSGVHTFPAVLQSDLYTLSSSVTVTSSTWPSQSITCNVAHPASSTKVDKKIEPR,0
5NJ6_A,FSVDEFSASVLTGKLTTVFLPIVYTIVFVVALPSNGMALWVFLFRTKKKAPAVIYMANLALADLLSVIWFPLKIAYHIHGNNWIYGEALCNVLIGFFYANMYCSILFLTCLSVQRAWEIVNPMGHSRKKANIAIGISLAIWLLILLVTIPLYVVKQTIFIPALQITTCHDVLPEQLLVGDMFNYFLSLAIGVFLFPAFLTASAYVLMIRALADLEDNWETLNDNLKVIEKADNAAQVKDALTKMRAAALDAQKATPPKLEDKSPDSPEMKDFRHGFDILVGQIDDALKLANEGKVKEAQAAAEQLKTTRNAYIQKYLENSEKKRKRAIKLAVTVAAMYLICFTPSNLLLVVHYFLIKSQGQSHVYALYIVALCLSTLNSCIDPFVYYFVSHDFRDHAKNAL,1RJL_B,QVQLQQPGSVLVRPGASVKLSCKASGFTFTSSWMHWAKQRPGQGLEWIGEIHPNSGNTHYNEKFKGKATLTVDTSSSTAYVDLSSLTSEDSAVYYCARMRYGDYYAMDNWGQGTSVTVSSAKTTAPPVYPLAPVCGDTTGSSVTLGCLVKGYFPESVTLLWNSGSLSSGVHTFPAVLQSDLYTLSSSVTVTSSTWPSQSITCNVAHPASSTKVDKKIEPRG,0
6H5N_A,VIHGCNFSSNVSSKHTFTDSLDISLVDDSAHISCNVHLSEPKYNHLVGLNCPGDIIPDCFFQVYQPPSNIVYLDSQINIGDIEYYEDAEGDDKIKLFGIVGSIPKTTSFTCICKKDKKSAYMTVTIDS,2VXT_H,EIQLQQSGPELVKPGASVKVSCKASGYSFTDYFIYWVKQSHGKSLEWIGDIDPYNGDTSYNQKFRDKATLTVDQSSTTAFMHLNSLTSEDSAVYFCARGLRFWGQGTLVTVSAAKTTPPSVYPLAPGSMVTLGCLVKGYFPEPVTVTWNSGSLSSGVHTFPAVLQSDLYTLSSSVTVPSSTWPSETVTCNVAHPASSTKVDKKIVPR,0
2VXT_I,YFGKLESKLSVIRNLNDQVLFIDQGNRPLFEDMTDSDARDNAPRTIFIISMYKDSQPRGMAVTISVKAEKISTLSAENKIISFKEMNPPDNIKDTKSDIIFFQRSVPGHDNKMQFESSSYEGYFLAAEKERDLFKLILKKEDELGDRSIMFTVQNE,6H5N_C,EVQLVESGGGLLQPGRSLKLSCVASGFTFNNYWMSWIRQAPGKGLEWIASISNIGGTIYYPDSVKGRFTISRDSAQNTLYLQMNSLRSEDTATYYCTRDLRMSDYFDYWGQGVMVTVSSAETTAPSVYPLATLGCLVKGYFPEPVTVTWNSGALSSGVHTFPAVLQSGLYTLTSSVTVPSSTWPSQTVTCNVAHPASSTKVDKKIVP,0
4K24_U,LRCMQCKTNGDCRVEECALGQDLCRTTIVRLWEEGEELELVEKSCTHSEKTNRTLSYRTGLKITSLTEVVCGLDLCNQGNSGVTYSRSRYLECISCGSSDMSCERGRHQSLQCRSPEEQCLDVVTHWIQEGEEGRPKDDRHLRGCGYLPGCPGSNGFHNNDTFHFLKCCNTTKCNEGPILELENLPQNGRQCYSCKGNSTHGCSSEETFLIDCRGPMNQCLVATGTHEPKNQSYMVRGCATASMCQHAHLGDAFSMNHIDVSCCTKSGCNHPD,6BFQ_H,AQLQESGPGVVKPSETLSLTCSVSDSAIRKYYWSWIRQPPGQGLEYIGYIYASGSSFYNPSFKSRVSMSVDATNNQFYLKLTSVTAADTAVYYCAAITGTTDLWGRGTLVTVSSASTKGPSVFPLAPSSKSGGTAALGCLVKDYFPEPVTVSWNSGALTSGVHTFPAVLQSSGLYSLSSVVTVPSSSLGTQTYICNVNHKPSNTKVDKRVEPK,0
5W6D_G,ENLWVTVYYGVPVWKDAETTLFCASDAKAYKKHNVWATHACVPTDPNPQEIHLENVTEEFNMWKNNMVEQMHTDIISLWDQSLKPCVKLTPLCVTLQCTNVAITDGELKNCSFNMTTELRDKRQKVHALFYKLDIVPINENQNTSYRLINCNTAAITQACPKVSFEPIPIHYCAPAGFAILKCKDKKFNGTGPCPSVSTVQCTHGIKPVVSTQLLLNGSLAEEEVMIRSEDIRNNAKNILVQFNTPVQINCTRPNNNTRKSIRIGPGQWFYATGDIIGDIRQAHCNVSKATWNETLGKVVKQLRKHFGNNTIIRFANSSGGDLEVTTHSFNCGGEFFYCDTSGLFNSTWISNDSITLPCRIKQIINMWQRIGQAMYAPPIQGVIRCVSNITGLILTRDGGSTDSTTETFRPSGGDMRDNWRSELYKYKVVKIEPLGVAPTRCKRRVV,3P30_H,ALQLVQSGAEVKKAGSSVRVSCKASGATFSSYSISWVRQAPGQGPQWMGGIVPSSGAAKYAQQFQGRLTITADTSTNTAYLELSSLRYDDTAVYYCTRDRSRVRYFDRESGWFDPWGQGTLVTVSSASTKGPSVFPLAPSSKSTSGGTAALGCLVKDYFPEPVTVSWNSGALTSGVHTFPAVLQSSGLYSLSSVVTVPSSSLGTQTYICNVNHKPSNTKVDKKVEP,0
3P30_A,TVQVRKLLSGIVQQQSNLLRAIEAQQHLLKLTVWGIKQLQARVWLQWDKEISNYTHIIYELIEESQKQQEKNEQELLELDKWAN,5W6D_H,QVQLQESGPGLVKPSETLSLTCSVSGASISDHYWSWIRQSPGKGLEWIGYVYDSGDTNYNPSLKSRVNLSLDTSKNQVSLSLTAVTAADSAIYYCARTQHGRRIYGIVAFREWFTYFYMDVWGQGTPVTVSSASTKGPSVFPLAPSSSGGTAALGCLVKDYFPEPVTVSWNSGALTSGVHTFPAVLQSSGLYSLSSVVTVPSSSLGTQTYICNVNHKPSNTKVDKKVEPKS,0
4JZJ_C,NPPITNLRMKAKAQQLTWDLNRNVTDIECVKDADYSMPAVNNSYCQFGAISLCEVTNYTVRVANPPFSTWILFPENPWAGAENLTCWIHDVDFLSCSWAVGPGAPADVQYDLYLNVAKRQQYECLHYKTDAQGTRIGCRFDDISRLSSGSQSSHILVRGRSAAFGIPCTDKFVVFSQIEILTPPNMTAKSFMHWKMRSHFNRKFRYELQIQVITEQVRDRTSFQLLNPTVQIRARERVYEFLSAWSTPQR,4RX4_H,GQLVQSGGGVKKPGTSVTISCLASEYTFNEFVIHWIRQAPGQGPVWLGLIKRSGRLMTSYKFQDRLSLRRDRSTGTVFMELRGLRLDDTAVYYCARDGLGEVAPAYLYGIDAWGQGSTVIVTSASTKGPSVFPLAPSSTAALGCLVKDYFPEPVTVSWNSGALTSGVHTFPAVLQSSGLYSLSSVVTVPSSSLGTQTYICNVNHKPSNTKVDKKAEP,0
5DMI_A,TACREKQYLINSQCCSLCQPGQKLVSDCTEFTETECLPCGESEFLDTWNRETHCHQHKYCDPNLGLRVQQKGTSETDTICTCEEGWHCTSEACESCVL,3O2D_H,QVQLQQSGPEVVKPGASVKMSCKASGYTFTSYVIHWVRQKPGQGLDWIGYINPYNDGTDYDEKFKGKATLTSDTSTSTAYMELSSLRSEDTAVYYCAREKDNYATGAWFAYWGQGTLVTVSSASTKGPSVFPLAPCSRSTSESTAALGCLVKDYFPEPVTVSWNSGALTSGVHTFPAVLQSSGLYSLSSVVTVPSSSLGTKTYTCNVDHKPSNTKVDKRVES,0
3O2D_A,KKVVLGKKGDTVELTCTASQKKSIQFHWKNSNQIKILGNQGSFLTKGPSKLNDRADSRRSLWDQGNFPLIIKNLKIEDSDTYICEVEDQKEEVQLLVFGLTANSDTHLLQGQSLTLTLESPPGSSPSVQCRSPRGKNIQGGKTLSVSQLELQDSGTWTCTVLQNQKKVEFKIDIVVLA,5DMI_H,QIQLVQSGPELKKPGETVRISCKASGYAFTTTGMQWVQEMPGKGLKWIGWINTHSGVPKYVEDFKGRFAFSLETSANTAYLQISNLKNEDTATYFCVRSGNGNYDLAYFAYWGQGTLVTVSAASTKGPSVFPLAPSSKSTSGGTAALGCLVKDYFPEPVTVSWNSGALTSGVHTFPAVLQSSGLYSLSSVVTVPSSSLGTQTYICNVNHKPSNTKVDKKVEPK,0
6O3B_H,TGSVPDHGFCQPISIPLCTDIAYNQTILPNLLGHTNQEDAGLEVHQFYPLVKVQCSPELRFFLCSMYAPVCTVLDQAIPPCRSLCERARQGCEALMNKFGFQWPERLRCENFPVHGAGEICVGQ,6KO5_H,EVQLQQSGAELVRPGASVKLSCKASGYTFTDYEMHWVKQTPVHGLEWIGAIDPETGGTVYNQKFKGKATLTADISSTTAYMELRSLTSEDSAVYFCISEDIDESKDYWGQGTTLTVSSAKTTAPSVYPLAPVCGDTSGSSVTLGCLVKGYFPEPVTLTWNSGSLSSGVHTFPAVLQSDLYTLSSSVTVTSSTWPSQSITCNVAHPASSTKVDKKIEPR,0
6CWT_F,IDPYKEFGATVELLSFLPSDFFPSVRDLLDTAAALYRDALESPEHASPHHTALRQAILCWGDLMTLATWVGNTNVGLKFRQLLWFHISALTFGRETVLEYLVSFGVWIRTPPAYRPPNAPI,2ARJ_H,QVQLKESGPGLVQPSQTLSLTCTVSGFSLTSNSVHWVRQPPGKGLEWMGGIWGDGDTDYNSALKSRLSISRDTSKNQVFLKMNSLQTDDTAIYFCTPLIGSWYFDFWGPGTMVTASSAQTTAPSVYPLAPGCGSSTVTLGCLVKGYFPEPVTVTWNSGALSSDVHTFPAVLQSGLYTLTSSVTSSTWPSQTVTCNVAHPASSTKVDQKIVPR,0
2ARJ_Q,APELRIFPKKMDAELGQKVDLVCEVLGSVSQGCSWLFQNSSSKLPQPTFVVYMASSHNKITWDEKKLFSAMRDTNNKYVLTLNKFSKENEGYYFCSVISNSVMYFSSVVPVLQKV,6CWT_C,EGRLVTPGTPLTLTCTGSTYAMIWVRQAPGQGVEYIGIINTGGSASYASWAKGRFTISRTSTTVDLKITSPTTEDTATYFCARTRGVNDAYEHAFDPWGPGTLVTVSSASTKGPSVFPLAPGTAALGCLVKDYFPEPVTVSWNSGALTSGVHTFPAVLQSSGLYSLSSVVTVPSSSLGTQTYICNVNHKPSNTKVDKKVE,0
6MLK_A,SALRDGYRQAGVSGRVRSYLDLLAGLSDFREHFDGFSLDLVDMGPGEVTVICCAGTAAISGPHEFTRLAGALRGIAPVRAVPQPGYEEGEPLPSSMAAVAAVQADAVIRTQKPFVVAGHSAGALMAYALATELLDRGHPPRGVVLIDVYPPGHQDAMNAWLEELTATLFDRETVRMDDTRLTALGAYDRLTGQWRPRETGLPTLLVSAGEPMGPWPDDSWKPTWPFEHDTVAVPGDHFTMVQEHADAIARHIDAWLG,3P30_H,ALQLVQSGAEVKKAGSSVRVSCKASGATFSSYSISWVRQAPGQGPQWMGGIVPSSGAAKYAQQFQGRLTITADTSTNTAYLELSSLRYDDTAVYYCTRDRSRVRYFDRESGWFDPWGQGTLVTVSSASTKGPSVFPLAPSSKSTSGGTAALGCLVKDYFPEPVTVSWNSGALTSGVHTFPAVLQSSGLYSLSSVVTVPSSSLGTQTYICNVNHKPSNTKVDKKVEP,0
3P30_A,TVQVRKLLSGIVQQQSNLLRAIEAQQHLLKLTVWGIKQLQARVWLQWDKEISNYTHIIYELIEESQKQQEKNEQELLELDKWAN,6MLK_H,VQLQQWGAGLLKPSETLSLTCAVYGGSFSGYYWSWIRQPPGKGLEWIGEINHSGSTNYNPSLKSRVTISVDTSKNQFSLKLSSVTAADTAVYYCARGLGYSGSYYAPNWGQGTLVTVSSASTKGPSVFPLAPSSTAALGCLVKDYFPEPVTVSWNSGALTSGVHTFPAVLQSSGLYSLSSVVTVPSSSLGTQTYICNVNHKPSNTKVDKKVEP,0
5ESZ_C,SLIRIGHGFDVHCVTLHCTNNCSFNMTTELRDKKQKVHALFYKLDIVPINSKYRLIGGSGGDVALHALTDAILGAAALGDIGKLFPKNADSRGLLREAFRQVQEKGYKIGNVDITIIAQAPKMRPHIDAMRAKIAEDLQCDIEQVNVKATGIACEAVALLIRQ,4YE4_H,MKLMQSGGVMVRPGESATLSCVASGFDFSRNGFEWLRQGPGKGLQWLATVTFESKTHVTASARGRFTISRDNSRRTVYLQMTNLQPDDTAMYFCVKDQTIFHKNGAVDFFSYFDLWGRGAPVIVSAASTKGPSVFPLAPSSKSTSGGTAALGCLVKDYFPEPVTVSWNSGALTSGVHTFPAVLQSSGLYSLSSVVTVPSSSLGTQTYICNVNHKPSNTKVDKRVEPK,0
4YE4_G,KEATTTLFCASDAKAYETEVHNVWATHACVPTDPQEVLLENVTENFNMWKNNMVEQMQEDIISLWDQSLKPCVKLTGGSVITQACPKVSFEPIPIHYCTPAGFAILKCNDRNFNGTGPCKNVSTVQCTHGIKPVVSTQLLLNGSLAEAEVVIRSENFTNNAKTIIIQLNETVEINCTRPNIRQAHCNISRATWNSTLKKIVAKLREQFGNKTIVFQPSSGGDPEIVMHSFNCGGEFFYCNTTQLFNSTWNSEGTITLPCRIKQIINMWQEVGKAMYAPPIEGQIRCSSNITGLLLTRDGGNNNKTNGTEIFRPGGGDMRDNWRSELYKYKVVKI,5ESZ_A,EVQLVESGGGLIRPGGSLRLSCKGSGFIFENFGFGWVRQGPGKGLEWVSGTNWNGGDSRYGDSVKGRFTISRDNSNNFVYLQMNSLRPEDTAIYYCARGTDYTIDDQGIRYQGSGTFWYFDVWGRGTLVTVSSASTKGPSVFPLAPCLVKDYFPEPVTVSWNSGALTSGVHTFPAVLQSSGLYSLSSVVTVPSSSLGTQTYICNVNHKPSNT,0
5L0Q_A,PVGLASGQPICGNGMVEQGEECDCGYSDQCKDECCYDANQPEGKKCKLKPGKQCSPSQGPCCTAHCAFKSKTEKCRDDSDCAKEGICNGITALCPASDPKPNFTDCNRHTQVCINGQCAGSICEKHGLEECTCASSDGKDDKELCHVCCMKKMEPSTCASTGSVQWNKYFLGRTITLQPGSPCNDFRGYCDVFMRCRGSASGL,4J6R_H,VQFVQSGAEVKKPGASVRVSCEASGYSFTDYVLQWIRQAPGQRPEWMGWIKPERGAVSYAPQFQGRLTLTRDLYTETAYMHFKNLRSDDTAIYYCARGVRRDASWWLQFWGQGTLVTVSSASTKGPSVFPLAPSSKSTSGGTAALGCLVKDYFPEPVTVSWNSGALTSGVHTFPAVLQSSGLYSLSSVVTVPSSSLGTQTYICNVNHKPSNTKVDKKVEPK,0
4J6R_G,VWRDADTTLFCASDAKAYETEKHNVWATHACVPTDPNPQEIHLDNVTEKFNMWKNNMVEQMHTDIISLWDQSLKPCVKLTGGSAITQACPKVSFEPIPIHYCTPAGFAILKCKDEGFNGTGLCKNVSTVQCTHGIKPVVSTQLLLNGSLAEKNITIRSENITNNAKIIIVQLVQPVTIKCIRDIRQAHCNVTRSRWNKTLQEVAEKLRTYFGNKTIIFANSSGGDLEITTHSFNCGGEFFYCNTSGLFNSTWYVNSTWNDTNDTITLPCRIKQIINMWQRAGQAMYAPPIPGVIKCESNITGLLLTRDGGKDNNVNETFRPGGGDMRDNWRSELYKYKVVEIE,5L0Q_C,QVQLEESGAELARPGSSVKLSCKASGYTFTNYWLQWVKQRTGQGLEWIGAIYPRDGDAKYSQKFKDKASLTVNESSSTAYMHLSALASEDSAVYYCARANYGLYYAMDRWGQGTSVTVSSAKTTPPSVYPLAPSMVTLGCLVKGYFPEPVTVTWNSGSLSSGVHTFPAVLQSDLYTLSSSVTVPSSPWPSETVTCNVAHPASSTKVDKKIVPR,0
6W16_F,LKESYLEESCSTITEGYLSVLRTGWYTNVFTLEVGDVENLTCTDGPSLIKTELDLTKSALRELKTVSADQLARVATAAAVTAGIAIAKTIRLESEVNAIKGALKTTNEAVSTLGNGVRVLATAVRELKEFVSKNLTSAINKNKCDIADLKMAVSFSQFNRRFLNVVRQFSDNAGITPAISLDLMTDAELARAVSYMPTSAGQIKLMLENRAMVRRKGFGILIGVYGSSVIYMVQLPIFGVIDTPCWIIKAAPSCSEKDGNYACLLREDQGWYCKNAGSTVYYPNEKDCETRGDHVFCDTAAGINVAEQSRECNYPCKVSTGRHPISMVALSPLGALVACYKGVSCSIGSNRVGIIKQLPKGCSYITNQDADTVTIDNTVYQLSKV,6UKJ_H,SEVQLVESGGGLVQPGGSLRLSCAASGFNVSYSYIHWVRQAPGKGLEWVASIYPYSGYTSYADSVKGRFTISADTSKNTAYLQMNSLRAEDTAVYYCARYGSNYSFWYRGSSVTYAIDYWGQGTLVT,0
6UKJ_A,VFKLIFKEIKDNIFIYILSIIYLSVSVMNTIFAKRTLNKIGNYSFVTSETHNFICMIMFFIVYSLFGHRSFNLQFFAISMLDACSVILAFIGLTRTTGNIQSFVLQLSIPINMFFCFLILRYRYHLYNYLGAVIIVVTIALVEMKLSFETQEENSIIFNLVLISSLIPVCFSNMTREIVFKKYKIDILRLNAMVSFFQLFTSCLILPVYTLPFLKQLHLPYNEIWTNIKNGFACLFLGRNTVVENCGLGMAKLCDDCDGAWKTFALFSFFDICDNLITSYIIDKFSTMTYTIVSCIQGPALAIAYYFKFLAGDVVREPRLLDFVTLFGYLFGSIIYRVGNIILERKKMRN,6W16_H,QGKLVESGGGVIQPGRSLRLSCAASGFDFSRYGLHWVRQAPGKGLEWVAVIVYAGSNKYYADSVKGRFTISKDNSKNTMHLQMSDLRTEDTAVYYCARDQAFDLWGQGTMVTVSSASTKGPSVFPLAPSSKSTGGGTAALGCLVKDYFPEPVTVSWNSGALTSGVHTFPAVLQSSGLYSLSSVVTVPSSSLGTQTYICNVNHKPSNTKVDKKVEPKSCD,0
6W16_F,LKESYLEESCSTITEGYLSVLRTGWYTNVFTLEVGDVENLTCTDGPSLIKTELDLTKSALRELKTVSADQLARVATAAAVTAGIAIAKTIRLESEVNAIKGALKTTNEAVSTLGNGVRVLATAVRELKEFVSKNLTSAINKNKCDIADLKMAVSFSQFNRRFLNVVRQFSDNAGITPAISLDLMTDAELARAVSYMPTSAGQIKLMLENRAMVRRKGFGILIGVYGSSVIYMVQLPIFGVIDTPCWIIKAAPSCSEKDGNYACLLREDQGWYCKNAGSTVYYPNEKDCETRGDHVFCDTAAGINVAEQSRECNYPCKVSTGRHPISMVALSPLGALVACYKGVSCSIGSNRVGIIKQLPKGCSYITNQDADTVTIDNTVYQLSKV,6H5N_C,EVQLVESGGGLLQPGRSLKLSCVASGFTFNNYWMSWIRQAPGKGLEWIASISNIGGTIYYPDSVKGRFTISRDSAQNTLYLQMNSLRSEDTATYYCTRDLRMSDYFDYWGQGVMVTVSSAETTAPSVYPLATLGCLVKGYFPEPVTVTWNSGALSSGVHTFPAVLQSGLYTLTSSVTVPSSTWPSQTVTCNVAHPASSTKVDKKIVP,0
6H5N_A,VIHGCNFSSNVSSKHTFTDSLDISLVDDSAHISCNVHLSEPKYNHLVGLNCPGDIIPDCFFQVYQPPSNIVYLDSQINIGDIEYYEDAEGDDKIKLFGIVGSIPKTTSFTCICKKDKKSAYMTVTIDS,6W16_H,QGKLVESGGGVIQPGRSLRLSCAASGFDFSRYGLHWVRQAPGKGLEWVAVIVYAGSNKYYADSVKGRFTISKDNSKNTMHLQMSDLRTEDTAVYYCARDQAFDLWGQGTMVTVSSASTKGPSVFPLAPSSKSTGGGTAALGCLVKDYFPEPVTVSWNSGALTSGVHTFPAVLQSSGLYSLSSVVTVPSSSLGTQTYICNVNHKPSNTKVDKKVEPKSCD,0
6MEH_C,GSWHINRTALNCNDSLHTGFLAALFYTHKFNASGCPEPRQCGTIPASQVCGPVYCFTPSPVVVGTTDRFGAPTYTWGENETDVLILNNTRPPQGNWFGCTWMNSTGFTKTCGGPPCCGSGPWLTPRCLVDYPYRLWHYPCTVNFTIFKVRMYVGGVEHRLNAACN,3MXW_H,QVQLQQSGPELVRPGVSVKISCKGSGYTFIDEALHWVKQSHAESLEWIGVIRPYSGETNYNQKFKDKATMTVDISSSTAYLELARLTSEDSAIYYCARDWERGDFFDYWGQGTLVTVSSASTKGPSVFPLAPSSKSTSGGTAALGCLVKDYFPEPVTVSWNSGALTSGVHTFPAVLQSSGLYSLSSVVTVPSSSLGTQTYICNVNHKPSNTKVDKKVEPK,0
3MXW_A,LTPLAYKQFIPNVAEKTLGASGRYEGKISRNSERFKELTPNYNPDIIFKDEENTGADRLMTQRCKDKLNALAISVMNQWPGVKLRVTEGWDEDGHHSEESLHYEGRAVDITTSDRDRSKYGMLARLAVEAGFDWVYYESKAHIHCSVKAENSV,6MEH_H,QVQLVQSGAEVKKPGSSVKVSCTTSGGTYINYAISWVRQAPGQGLEWVGGMSPISNTPKYAQKFQGRVTITADESTSTTYMELSSLRPEDTAVYYCARDLLKYCGGGNCHSLLVDPWGQGTLVTVSSASTKGPSVFPLAPSSGGTAALGCLVKDYFPEPVTVSWNSGALTSGVHTFPAVLQSSGLYSLSSVVTVPSSSLGTQTYICNVNHKPSNTKVDKRVEPKS,0
6CMI_B,QGVSDLVGLPNQICLQKTTSTILKPRLISYTLPINTREGVCITDPLLAVDNGFFAYSHLEKIGSCTRGIAKQRIIGVGEVLDRGDKVPSMFMTNVWTPPNPSTIHHCSSTYHEDFYYTLCAVSHVGDPILNSTSWTESLSLIRLAVRPKSDSGDYNQKYIAITKVERGKYDKVMPYGPSGIKQGDTLYFPAVGFLPRTEFQYNDSNCPIIHCKYSKAENCRLSMGVNSKSHYILRSGLLKYNLSLGGDIILQFIEIADNRLTIGSPSKIYNSLGQPVFYQASYSWDTMIKLGDVDTVDPLRVQWRNNSVISRPGQSQCPRFNVCPEVCWEGTYNDAFLIDRLNWVSAGVYLNSNQTAENPVFAVFKDNEILYQVPLAEDDTNAQKTITDCFLLENVIWCISLVEIYDTGDSVIRPKLFAVKIPAQCSE,5VKD_H,EISEVQLVESGGGLVQPGGSLRLSCAASGFNISYSSIHWVRQAPGKGLEWVASIYSYSGYTSYADSVKGRFTISADTSKNTAYLQMNSLRAEDTAVYYCARSYWYHVGSWHYTGMDYWGQGTLVTVSSASTKGPSVFPLAPSSKSTSGGTAALGCLVKDYFPEPVTVSWNSGALTSGVHTFPAVLQSSGLYSLSSVVTVPSSSLGTQTYICNVNHKPSNTKVDKKVEPK,0
5VKD_A,AMANAQSEQSIAEMYQHILKTQGPFDAILYYHMMKEEPIIFSTSDGKEYTYPDSLEDEYPPWLSEKEAMNEDNRFITMDGQQFYWPVMNHRNKFMAILQHHR,6CMI_D,EVQLVQSGAEVKKRGSSVKVSCKSSGGTFSNYAINWVRQAPGQGLEWMGGIIPILGIANYAQKFQGRVTITTDESTSTAYMELSSLRSEDTAVYYCARGWGREQLAPHPSQYYYYYYGMDVWGQGTTVTVSSASTKGPSVFPLAPSGGTAALGCLVKDYFPEPVTVSWNSGALTSGVHTFPAVLQSSGLYSLSSVVTVPSSSLGTQTYICNVNHKPSNTKVDKKVEPK,0
2NY7_G,EVVLVNVTENFNWCKNDMVEQMHEDICSLWDQSLKPCVACPKVSFEPIPIHYCAPAGFAILKCNNKTFNGTGPCTNVSTVQCTHGIRPVVSSQLLLNGSLAEEEVVIRSCNFTDNAKTIIVQLNTSVEINCTGAGHCNIARAKWNNTLKQIASKLREQFGNNKTIIFKQSSGGDPEIVTHWFNCGGEFFYCNSTQLFNSTWFNSTWSGSDTITLPCRIKQIINMWCKVGKMMYAPPISGQIRCSSNITGLLLTRDGGNSNNESEIFRPGGGDMRDNWRSELYKYKVVKIE,5KW9_H,QLVQSGAEVKKPGSSVKVSCRTSGDTFNTHAISWVRQAPGQGLEWMGGIIPIFATTNYANKFQGTVTISADESTSTAYLEVRSLRSEDTAVYYCASNRANRADDYDYYFDYWGQGTLVTVSSASFKGPSVFPLAPGTAALGCLVKDYFPEPVTVSWNSGALTSGVHTFPAVLQSSGLYSLSSVVTVPSSSLGTQTYICNVNHKPSNTKVDKKVEP,0
5KW9_A,RPFTLPNLPLSSLSNSRAPLPISSMGISPDNVQSVQFQNGRCTLDGRLVGTTPVSLSHVAKIRGTSNGTVINLTELDGTPFHPFEGPAPIGFPDLGGCDWHINMTQFGHSSQTQYDVDTTPDTFVPHLGSIQANGIGSGNYVGVLSWISPPSHPSGSQVDLWKIPNYGSSITEATHLAPSVYPPGFGEVLVFFMSKMPGPGAYNLPCLLPQEYISHLASEQAPTVGEAALLHYVDPDTGRNLGEFKAYPDGFLTCVPNASSGPQQLPINGVFVFVSWVSRFYQLKPVGT,2NY7_H,QVQLVQSGAEVKKPGASVKVSCQASGYRFSNFVIHWVRQAPGQRFEWMGWINPYNGNKEFSAKFQDRVTFTADTSANTAYMELRSLRSADTAVYYCARVGPYSWDDSPQDNYYMDVWGKGTTVIVSSASTKGPSVFPLAPSSKSTSGGTAALGCLVKDYFPEPVTVSWNSGALTSGVHTFPAVLQSSGLYSLSSVVTVPSSSLGTQTYICNVNHKPSNTKVDKKAEPKSC,0
5L6Y_C,PPSTALRELIEELVNITQNQKAPLCNGSMVWSINLTAGMYCAALESLINVSGCSAIEKTQRMLSGFCDTKIEVAQFVKDLLLHLKKLFREGRFN,5Y11_A,SEVQLVQSGAEVKEPRESLKISCKGSGYSFTNYWIGWVRQMPGKGLEWMGIIFPGDSDTRYSPSFQGQVTISADKSINTAYLQWSSLKASDTAIYYCARLKRRGFSGEGYFDYWGQGTLVTVSSASTKGPSVFPLAPSGTAALGCLVKDYFPEPVTVSWNSGALTSGVHTFPAVLQSSGLYSLSSVVTVPSSSLGTQTYICNVNHKPSNTKVDKRVEPK,0
4M5Z_A,GVAPLHLGKCNIAGWILGNPECETASSWSYIVETSDNGTCYPGDFIDYEELREQLSSVSSFERFEIFPKTSSWPNHDSNKGVTAACPHAGAKSFYKNLIWLVKKGNSYPKLSKSYINDKGKEVLVLWGIHHPSTSADQQSLYQNADAYVFVGSSRYSKKFKPEIAIRPKVRDQEGRMNYYWTLVEPGDKITFEATGNLVVPRYAFAMERN,6UM6_K,QVQLVQSGAQMKNPGASVKVSCAPSGYTFTDFYIHWLRQAPGQGLQWMGWMNPQTGRTNTARNFQGRVTMTRDTSIGTAYMELRSLTSDDTAIYYCTTGGWISLYYDSSYYPNFDHWGQGTLLTVS,0
6UM6_I,ENLWVTVYYGVPVWKEAKTTLFCASDARAYEKEVHNVWATHACVPTDPSPQELVLGNVTENFNMWKNDMVDQMHEDIISLWDQSLKPCVKLTPLCVTLICSDATVKTGTVEEMKNCSFNTTTEIRDKEKKEYALFYKPDIVPLSETNNTSEYRLINCNTSACTQACPKVTFEPIPIHYCAPAGYAILKCNDETFNGTGPCSNVSTVQCTHGIRPVVSTQLLLNGSLAEKEIVIRSENLTNNAKIIIVHLHTPVEIVCTRPNNNTRKSVRIGPGQTFYATGDIIGDIKQAHCNISEEKWNDTLQKVGIELQKHFPNKTIKYNQSAGGDMEITTHSFNCGGEFFYCNTSNLFNGTYNGTYISTNSSANSTSTITLQCRIKQIINMWQGVGRCMYAPPIAGNITCRSNITGLLLTRDGGTNSNETETFRPAGGDMRDNWRSELYKYKVVKIEPLGVAPTRCKRRV,4M5Z_H,EVQLVESGPGLVKPSDILSLTCAVSGYSISSNYYWGWIRQPPGKGLEWIGSIYHSGSTYYKPSLESRLGISVDTSKNQFSLKLSFVSAADTAVYYCARHVRSGYPDTAYYFDKWGQGTLVTVSSASTKGPSVFPLAPSGTAALGCLVKDYFPEPVTVSWNSGALTSGVHTFPAVLQSSGLYSLSSVVTVPSSSLGTQTYICNVNHKPSNTKVDKRVEPKS,0
6OY4_A,DQVDVKDCANHEIKKVLVPGCHGSEPCIIHRGKPFQLEALFEANQNSAKIEIKASIDGLEVDVPGIDPNACHYMLVKGQQYDIKYTWNVPKIAPKSENVVVTVKVDNGVLACAIATHAKIRD,4DTG_H,EVQLVESGGGLVKPGGSLRLSCAASGFTFSNYAMSWVRQTPEKRLEWVATISRSGSYSYFPDSVQGRFTISRDNAKNSLYLQMNSLRAEDTAVYYCARLGGYDEGDAMDSWGQGTTVTVSSASTKGPSVFPLAPCSRSTSESTAALGCLVKDYFPEPVTVSWNSGALTSGVHTFPAVLQSSGLYSLSSVVTVPSSSLGTKTYTCNVDHKPSNTKVDKRVES,0
4DTG_K,EKPDFCFLEEDPGICRGYITRYFYNNQTKQCERFKYGGCLGNMNNFETLEECKNICEDGH,6OY4_D,QIQLVQSGPELKKPGETIKISCKASGYTFTNYGMNWVKQTPGKGLKWMGWINPYTGEEPSYADDFKGRFAFSLETSANTAYLQINNLNNEDMATYFCARGGFTDYYGMDYWGQGTSVTVSSAKTTPPSVYPLAPGSNSMVTLGCLVKGYFPEPVTVTWNSGSASSGVHTFPAVLQSDLYTLSSSVTVPSSTWPSETVTCNVAHPASSTKVDKKIVPR,0
3JAB_C,SHMEETRELQSLAAAVVPSAQTLKITDFSFSDFELSDLETALCTIRMFTDLNLVQNFQMKHEVLCRWILSVKKNYRKNVAYHNWRHAFNTAQCMFAALKAGKIQNKLTDLEILALLIAALSHDLDHRGVNNSYIQRSEHPLAQLYCHSIMEHHHFDQCLMILNSPGNQILSGLSIEEYKTTLKIIKQAILATDLALYIKRRGEFFELIRKNQFNLEDPHQKELFLAMLMTACDLSAITKPWPIQQRIAELVATEFWEQGDLERTVLQQQPIPMMDRNKRDELPKLQVGFIDFVCTQLYEALTHVSEDCFPLLDGCRKNRQKWQALAEQ,5DFV_C,QVQLQQSGPELVKPGASVKISCKASGYTFSSSWMNWVKQRPGKGLEWIGRIYSGDGDAIYNGKFKGKATLTADKSSSTAYMQLSSLTSEDSAVYFCAREGKTGDLLLRSWGQGSALTVSSAKTTAPSVYPLVPVSSVTLGCLVKGYFPEPVTLTWNSGSLSSGVHTFPALLQSGLYTLSSSVTVTSNTWPSQTITCNVAHPASSTKVDKKIEPR,0
5DFV_A,FVNKDQIAKDVKQFYDQALQQAVVDDDANNAKAVVKTFHETLDCCGSSTLTALTTSVLKNNLCPSNIISNLFKEDCHQKIDDLFSGKH,3JAB_H,EVQLQQSGAEVVRSGASVKLSCTASGFNIKDYYIHWVKQRPEKGLEWIGWIDPEIGDTEYVPKFQGKATMTADTSSNTAYLQLSSLTSEDTAVYYCNAGHDYDRGRFPYWGQGTLVTVSAAKTTPPSVYPLAPGSAAQTNSMVTLGCLVKGYFPEPVTVTWNSGSLSSGVHTFPAVLQSDLYTLSSSVTVPSSTWPSETVTCNVAHPASSTKVDKKIVPRD,0
5F3H_L,FGLDCDESRCCRYPLTVDFEAFGWDWIIAPKRYKANYCSGECEFVFLQKYPHTHLVHQANPRGSAGPCCTPTKMSPINMLYFNGKEQIIYGKIPAMVVDRCGCS,4MXW_H,EVQLVESGGGLVQPGGSLRLSCAASGYTFTSYVIHWVRQAPGKGLEWVGYNNPYNAGTNYNEKFKGRFTISSDKSKNTAYLQMNSLRAEDTAVYYCSRPTMLPWFAYWGQGTLVTVSSASTKGPSVFPLAPSGTAALGCLVKDYFPEPVTVSWNSGALTSGVHTFPAVLQSSGLYSLSSVVTVPSSSLGTQTYICNVNHKPSNTKVDKKVEP,0
4MXW_A,KKPAAHLIGDPSKQNSLLWRANTDRAFLQDGFSLSNNSLLVPTSGIYFVYSQVVFSPLYLAHEVQLFSSQYPFHVPLLSSQKMVYPGLQEPWLHSMYHGAAFQLTQGDQLSTHTDGIPHLVLSPSTVFFGAFAL,5F3H_E,EVQLLESGGGLVQPGGSLRLSCAASGFTFSSYAMSWVRQAPGKGLEWVSTISSGGSYTSYPDSVKGRFTISRDNSKNTLYLQMNSLRAEDTAVYYCAKQDYAMNYWGQGTLVTVSSASTKGPSVFPLAPSGGTAALGCLVKDYFPEPVTVSWNSGALTSGVHTFPAVLQSSGLYSLSSVVTVPSSSLGTQTYICNVNHKPSNTKVDKKVEP,0
1JRH_I,SVPTPTNVTIESYNMNPIVYWEYQIMPQVPVFTVEVKNYGVKNSEWIDACINISHHYCNISDHVGDPSNSLWVRVKARVGQKESAYAKSEEFAVS,3X3F_H,QVQLVQSGAEMKKPGASVKVSCKTSGYTFTNYKINWVRQAPGQGLEWMGWMNPDTDSTGYPQKFQGRVTMTRNTSISTAYMELSSLRSEDTAVYYCARSYGSGSYYRDYYYGMDVWGQGTTVTVSSASTKGPSVFPLAPCSESTAALGCLVKDYFPEPVTVSWNSGALTSGVHTFPAVLQSSGLYSLSSVVTVPSSSLGTKTYTCNVDHKPSNTKVDKRVES,0
3X3F_A,SSPSEGLCPPGHHISEDGRDCISCKYGQDYSTHWNDLLFCLRCTRCDSGEVELSPCTTTRNTVCQCEEGTF,1JRH_H,AVKLQESGPGILKPSQTLSLTCSFSGFSLTTYGMGVGWIRQSSGKGLEWLAHIWWDDDKYYNPSLKSRLTISKDTSRNQVFLKITSVATADTATYYCARRAPFYGNHAMDYWGQGTTVTVSSAKTTPCLVYFPEPVTVTWNSGSSGVHTFPAVLQSDLYTLSSSVTCNVAHPASSTKVDK,0
5L6Y_C,PPSTALRELIEELVNITQNQKAPLCNGSMVWSINLTAGMYCAALESLINVSGCSAIEKTQRMLSGFCDTKIEVAQFVKDLLLHLKKLFREGRFN,6ELU_K,EVKLEESGGGLVQPGGSLRVSCATSGFTFTDYYMNWVRQPPGKALEWLGFIRNKANGYTTEYSASVKGRFTISRDDSQSILYLQMNTLRAEDSASYYCARDKGWGYAMDYWGQGTSVTVSSAKTTPPSVYPLAPGSAAQTNSMVTLGCLVKGYFPEPVTVTWNSGSLSSGVHTFPAVLQSDLYTLSSSVTVPSSTWPSETVTCNVAHPASSTKVDKKIVPRD,0
6ELU_J,KNLADVAGIALAKINNLIKQVSAATEAEARMTLAAASTDHSNISALYAAASNIVTRCVLNAVHALTSLAPIALTAATNTVAIRQLYNKIGDLEKQTTNNCGTSVTEVLEHILKQEALKEALLSIVKKPKGAPDKTAADELVTALINGVVPNSTAQTQKLKEKILNTLVPKLV,5L6Y_H,VQLVQSGAEVKKPGASVKVSCKASGYTFTNYGLSWVRQAPGQGLEWMGWISANNGDTNYGQEFQGRVTMTTDTSTSTAYMELRSLRSDDTAVYYCARDSSSSWARWFFDLWGRGTLVTVSSASTKGPSVFPLAPISKSTSGGTAALGCLVKDYFPEPVTVSWNSGALTSGVHTFPAVLQSSGLYSLSSVVTVGPSQTYICNVNHKPSNTKVDKRVESKYGPPSPSSPAPAKN,0
4K3J_B,MKYQLPNFTAETPIQNVILHEHHIFLGATNYIYVLNEEDLQKVAEYKTGPVLEHPDCFPCQDCSSKANLSGGVWKDNINMALVVDTYYDDQLISCGSVNRGTCQRHVFPHNHTADIQSEVHCIFSPQIEEPSQCPDCVVSALGAKVLSSVKDRFINFFVGNTINSSYFPDHPLHSISVRRLKETKDGFMFLTDQSYIDVLPEFRDSYPIKYVHAFESNNFIYFLTVQRETLDAQTFHTRIIRFCSINSGLHSYMEMPLECILTKEVFNILQAAYVSKPGAQLARQIGASLNDDILFGVFAQSKPDSAEPMDRSAMCAFPIKYVNDFFNKIVNKNNVRCLQHFYGPNHEHCEYRTEFTTALQRVDLFMGQFSEVLLTSISTFIKGDLTIANLGTSEGRFMQVVVSRSGPSTPHVNFLLDSHPVSPEVIVEHTLNNGYTLVITGKKITKIPLNGLGCRHFQSCSQCLSAPPFVQCGWCHDKCVRSEECLSGTWTQQICLPA,4YE4_H,MKLMQSGGVMVRPGESATLSCVASGFDFSRNGFEWLRQGPGKGLQWLATVTFESKTHVTASARGRFTISRDNSRRTVYLQMTNLQPDDTAMYFCVKDQTIFHKNGAVDFFSYFDLWGRGAPVIVSAASTKGPSVFPLAPSSKSTSGGTAALGCLVKDYFPEPVTVSWNSGALTSGVHTFPAVLQSSGLYSLSSVVTVPSSSLGTQTYICNVNHKPSNTKVDKRVEPK,0
4O58_A,PGATLCLGHHAVPNGTLVKTITNDQIEVTNATELVQSSSTGKICNNPHRILDGINCTLIDALLGDPHCDGFQNEKWDLFVERSKAFSNCYPYDVPDYASLRSLVASSGTLEFINEGFNWTGVTQNGGSSACKRGPDSGFFSRLNWLYKSGSTYPVQNVTMPNNDNSDKLYIWGVHHPSTDKEQTNLYVQASGKVTVSTKRSQQTIIPNVGSRPWVRGLSSRISIYWTIVKPGDILVINSNGNLIAPRGYFKMRTGKSSIMRSDAPIGTCSSECITPNGSIPNDKPFQNVNKITYGACPKYVKQNTLKLATGMRNVPE,4UAO_C,EVQLVESGGGLVQPGRSLKLSCAASGFTFSNYYMAWVRQAPKKGLEWVATITTSGSRSYYPDSVKGRFTISRDNSESSLYLQMNSLESEDTATYYCARRGYGGYSEDFDYWGQGVMVTVSSAETTAPSVYPLAPGTALKSNSMVTLGCLVKGYFPEPVTVTWNSGALSSGVHTFPAVLQSGLYTLTSSVTVPSSTWSSQAVTCNVAHPASSTKVDKKIVPREC,0
4UAO_A,MSNPWKAFMEKYDLERAHNSGIRIDLGEDAEVGNSKYRIPAGKCPVFGKGIVIENSKVSFLTPVATGAQRLKEGGFAFPNADDHISPITIANLKERYKENADLMKLNDIALCKTHAASFVIAEDQNTNYRHPAVYDEKEKTCYMLYLSAQENMGPRYCSPDSQNKDAMFCFKPDKNEKFDNLVYLSKNVRNDWENKCPRKNLGNAKFGLWVDGNCEEIPYVNEVEARSLRECNRIVFEASASDQPRQYEETDYEKIQEGFRQNNRDMIKSAFLPVGASDNFKSKGRGYNWANFDSVNNKCYIFNTKPTCLINDKNFFATTALSHPQEVDNEF,4O58_H,EVQLVESGAEVKKPGSSVKVSCRASGTFYKYAINWVRQAPGQGLEWMGGIIPFFGTTNYAQKFQGRLTITADGSTNTAYMQLDSLRSEDTAVYYCAGPSITESHYCLDCAAKDYYYGLDVWGQGTTVTVSSASTKGPSVFPLAPTAALGCLVKDYFPEPVTVSWNSGALTSGVHTFPAVLQSSGLYSLSSVVTVPSSSLGTQTYICNVNHKPSNTKVDKRVEP,0
6U9S_C,TGFVNKDQIAKDVKQFYDQALQQAVVDDDANNAKAVVKTFHETLDCCGSSTLTALTTSVLKNNLCPSGSNIISNLFKEDCHQKIDDLFSGSH,3X3F_H,QVQLVQSGAEMKKPGASVKVSCKTSGYTFTNYKINWVRQAPGQGLEWMGWMNPDTDSTGYPQKFQGRVTMTRNTSISTAYMELSSLRSEDTAVYYCARSYGSGSYYRDYYYGMDVWGQGTTVTVSSASTKGPSVFPLAPCSESTAALGCLVKDYFPEPVTVSWNSGALTSGVHTFPAVLQSSGLYSLSSVVTVPSSSLGTKTYTCNVDHKPSNTKVDKRVES,0
3X3F_A,SSPSEGLCPPGHHISEDGRDCISCKYGQDYSTHWNDLLFCLRCTRCDSGEVELSPCTTTRNTVCQCEEGTF,6U9S_A,QVQLVQSGSELKKPGASVKVSCKASGYTFTDDSIHWVRQAPGQGLEWMGWINTETGEPTYADDFKGRFVFSLDTSVSTAYLQISSLKAEDTAVYYCARLSPVVVIFIYWGQGTLVTVSSASTKGPSVFPLAPSSKSTSGGTAALGCLVKDYFPEPVTVSWNSGALTSGVHTFPAVLQSSGLYSLSSVVTVPSSSLGTQTYICNVNHKPSNTKVDKKVEPKS,0
1ZA3_R,SSPSEGLCPPGHHISEDGRDCISCKYGQDYSTHWNDLLFCLRCTRCDSGEVELSPCTTTRNTVCQCEEGTFREEDSPEMCRKCDCTPWSDI,4TSA_H,QVQLVESGGGLVQPGGSLRLSCAASGFTVSSNYMSWVRQAPGKGLEWVSVIYSGGSTYYADSVKGRFTISRDNSKNTLYLQMNSLRAEDTAVYYCAREGPGDSIDYWGKGTLVTVSSASTKGPSVFPLAPTAALGCLVKDYFPEPVTVSWNSGALTSGVHTFPAVLQSSGLYSLSSVVTVPSSSLGTQTYICNVNHKPSNTKVDKRVE,0
4TSA_A,LAAAMKRHGLDNYRGYSLGNWVCAAKFNLCNITASVNCAKKIVSDGNGMNAWVAWRNRCKGTDVQAWI,1ZA3_H,EVQLVESGGGLVQPGGSLRLSCAASGFSIYSYSIHWVRQAPGKGLEWVASISPYSGYTSYADSVKGRFTISADTSKNTAYLQMNSLRAEDTAVYYCSRYSSYYSYYYSSSSYSYAMDYWGQGTLVTVSSASTKGPSVFPLAPSGTAALGCLVKDYFPEPVTVSWNSGALTSGVHTFPAVLQSSGLYSLSSVVTVPSSSLGTQTYICNVNHKPSNTKVDKKVEPK,0
6OSV_K,HQCYNGSGMDYRGTASTTKSGHQCQPWALQHPHSHHLSSTDFPELGGGHAYCRNPGGQMEGPWCFTQNKNVRMELCDVPSC,6J5D_H,QVQLQQSGPELVKPGASVKMSCKASGYTFTDYVIGWVKQRTGQGLEWIGEIYPGSGTTYYNEKFKDKATLTADKSSNTAYMQLSSLTSEDSAVYFCARGEDGYYIALDYWGQGTTVTVSS,0
6J5D_A,YTMCDKSKFAWKRTPTDSGHDTVVMEVTFSGSKPCRIPVRAVAHGSPDVNVAMLITPNPTIENDGGGFIEMQLPPGDNIIYVGELSHQWFQTGS,6OSV_H,MVQLVESGGGLVQPGGSLRLSCAASGFTFSSYGVTWVRQAPGKGLEWVSYINTAGNTYYASWAKSRFTISRDNAKNSLYLQMNSLRAEDTAVYYCARDDRWSLNIWGQGTLVTVSSGGG,0
5IKC_M,AAKKVRFYRNGDRYFKGIVYAVSSDRFRSFDALLADLTRSLSDNINLPQGVRYIYTIDGSRKIGSMDELEEGESYVCSSDNFFKKVEYT,5D1Z_F,QVQLQESGPGLVKPSETLSLICTVSGGSISSSSYYWGWIRQTPERNLEWIGIIYFSGTTYYNPSLQSRVSMSLDRSTNRFSLRLSSVTAADTAIYYCAKPKSRDRGGPGDDYFGMDVWGQGIMVTVSSASTKGPSVFPLAPSGGTAALGCLVKDYFPEPVTVSWNSGALTSGVHTFPAVLQSSGLYSLSSVVTVPSSSLGTQTYICNVNHKPSNTKVDKKVEP,0
5D1Z_J,NNTYPILNQELREAIKNPAIKDKDHSAPNSRPIDFEMKKKDGTQQFYHYASSVKPARVIFTDSKPEIELGLQSGQFWRKFEVYEGDKKLPIKLVSYDTVKDYAYIRFSVSNGTKAVKIVSSTHFNNKEEKYDYTLMEFAQPIYNSADKF,5IKC_B,VQLQQSGADLVRPGASVKLSCTASGFDIKDDYVHWVKQRPEQGLEWIGRIDPANGATKYAPKFQDKATLTADTSSNTAYLQLSSLTSEDTAVYYCGRSKYFDSWGQGTTLTVSSAKTTPPSVYPLAPGCGDTTGSSVTLGCLVKGYFPESVTVTWNSSSVHTFPALLQSGLYTMSSSVTVPSSTWPSQTVTCSVAHPASSTTVDKKLEPS,0
6Q20_A,VEYRNWSKPQCQITGFAPFSKDNSIRLSAGGDIWVTREPYVSCDPGKCYQFALGQGTTLDNKHSNGTIHDRIPHRTLLMNELGVPFHLGTKQVCVAWSSSSCHDGKAWLHVCVTGDDRNATASFIYDGRLVDSIGSWSQNILRTQESECVCINGTCTVVMTDGSASGRADTRILFIKEGKIVHISPLSGSAQHIEECSCYPRYPDVRCICRDNWKGSNRPVIDINMEDYSIDSSYVCSGLVGDTPRNDDSSSNSNCRDPNNERGNPGVKGWAFDNGDDVWMGRTISKDSRSGYETFKVIGGWSTPNSKSQVNRQVIVDNNNWSGYSGIFSVEGKSCINRCFYVELIRGRPQETRVWWTSNSIVVFCGTSGTYGTGSWPDGANINFMPI,3V6O_D,EVKLLESGPGLVAPSESLSITCTISGFSLTDDGVSWIRQPPGKGLEWLGVIWGGGSTYFNSLFKSRLSITRDNSKSQVFLEMDSLQTDDTAMYYCAKHDGHETMDYWGQGTSVTVSSSKTTPPSVYPLAPGSASMVTLGCLVKGYFPEPVTVTWNSGSLSSGVHTFPAVLQSDLYTLSSSVTVPSSTWPSETVTCNVAHPASSTKVDKKIVPRDC,0
3V6O_B,VNINISCETDGYLTKMTCRWSTSTSTLQLRYHRSSLYCSDIPSIHPISEPKDCYLQSDGFYECIFQPIFLLSGYTMWIRINHSLGSLDSPPTCVLPDSVVKPLPPSSVKAEITINIGLLKISWENNLQFQIRYGLSGKEVQWKMYEVSVSLPVPDLCAVYAVQVRCKRLDGLGYWSNWSNPAYT,6Q20_H,EVQLVESGGRVVRPGGSLRLSCAASGFTFDDYGMSWVRQPPGKGLEFVSGLNWNGDITAFTDSVKGRFTISRDNVKSSLYLQMNSLRADDTAFYYCARVRTWGDYTTGEEIINSWYFDLWGRGTLVTVSSASTKGPSVFPLAPSSKGTAALGCLVKDYFPEPVTVSWNSGALTSGVHTFPAVLQSSGLYSLSSVVTVPSSSLGTQTYICNVNHKPSNTKVDKRVEPK,0
